title,description,hashtags,comments
The Kerala Story | Announcement Promo | Adah Sharma | Sudipto Sen | Watch Now on ZEE5,"The Kerala Story,
Shalini Unnikrishnan aspires to become a nurse. But what makes a Hindu-Malayali girl like her give up on her religion and also makes her a suicide bomber as part of the ISIS? 

Director: Sudipto Sen

Star Cast:
Adah Sharma: Shalini Unnikrishnan/ Fatima Ba
Yogita Bihani: Nimah Mathew
Sonia Balani: Asifa
Siddhi Idnani: Geethanjali Menon
Devadarshini Chetan: Shaliniâ€™s Mother
Umar Sharif: Akram Ahmed

#TheKeralaStory #AdahSharma #VipulAmrutlalShah #SudiptoSen #YogitaBihani #SoniaBalani #SiddhiIdnani #DevadarshiniChetan #UmarSharif #ZEE5 #TheKeralaStoryonZEE5 #TheKeralaStoryTrailer #SaveOurDaughters


Subscribe to ZEE5: https://bit.ly/41Bhgzo

Enjoy & stay connected with us! 
ğŸ‘‰ Click to Subscribe: https://zee5.onelink.me/RlQq/ZEE5SUBSCRIPTION 
ğŸ‘‰ Click Here to Watch Movies on ZEE5: https://zee5.onelink.me/RlQq/ZEE5MOVIES 
ğŸ‘‰ Click Here to Watch Web Series on ZEE5: https://zee5.onelink.me/RlQq/ZEE5WEBSERIES 
ğŸ‘‰ Watch TV Shows Full Episodes on ZEE5: https://zee5.onelink.me/RlQq/ZEE5TVSHOW

Watch All ZEE5 Originals Here â–º https://zee5.onelink.me/RlQq/ZEE5FIRSTEPFREE

Now watch what you like, in the language of your choice!
â–º VISIT: https://zee5.onelink.me/RlQq/ZEE5HOMEPAGE

â€¢ DOWNLOAD the App now â–¼
â€¢ Playstore: https://play.google.com/store/apps/details?id=com.graymatrix.did

â€¢ iTunes: https://itunes.apple.com/in/app/ozee-tv-shows-movies-more/id743691886

Connect With Us On Social Media:
Facebook â†’ https://www.facebook.com/ZEE5IN 
Instagram â†’ https://www.instagram.com/zee5/
Twitter â†’ https://twitter.com/ZEE5India","['TheKeralaStory', 'AdahSharma', 'VipulAmrutlalShah', 'SudiptoSen', 'YogitaBihani', 'SoniaBalani', 'SiddhiIdnani', 'DevadarshiniChetan', 'UmarSharif', 'ZEE5', 'TheKeralaStoryonZEE5', 'TheKeralaStoryTrailer', 'SaveOurDaughters']","['Click to subscribe on ZEE5: https://bit.ly/41Bhgzo', 'I binged this wonderful movie. We should tell our child ren that they should not associate with this religion', ""It's finally here, watched it 2 times in theatres"", 'Ye ladki isme boli ki Mera brain wash Kiya Gaya \nJabki ye movie khud brain wash karti hai', 'Thank you Zee5 from core of my heart.', 'Finally', 'finallyyyyğŸ‰ğŸ‰ğŸ‰', 'I totally appreciate this movie. This is the real face of Muslims and Islam they have always tried to capture other communities by hook or by crook', ""what the funk..ye real Muslim nahi hai muslim tu aise nahi hote hamara Islam Qur'an bhi aisa nahi keheta sabkuch har ek baat galat hai..but this is real story hai tu aise gair muslims ko mardena chahiye"", 'First and foremost, teach mulsim girls about their religion... I am becoming increasingly upset by hearing my surrounds say that whatever happens is only because of Allah. They say even a leaf also move with the permission of allah then what about the child rapes, why he is doing that, what the happiness he is getting by making a small children suffer from that brutality. And those ignorant people claim that if he or she writes his or her faith in such a way, it will undoubtedly happen. If I want to make a difference in the world, I want a religion-free planet.', 'ade Luchha sales jii sri ram anandiii jiii bjp anandiii ...jii modi sir tigerrrr anandiii yevadu m pikaduu ....', 'You can make srories against any other religion in India. That is freedom. but if you talk against muslims, we will threaten you. It is because of Islamic ummah', 'After watching this movie...my mental healthğŸ¤¯ğŸ¤¯ğŸ¤¯...\nIndha movie la kamikra madhiri ellathayum apdiyae muttal madhiri  Nambra girls iruka matanganu nambran....', 'Election propaganda film', 'Please release kannada language', 'Balsera choda movie ...', 'every girl should watch this movie and beware of so many fraudsters are there behind us one can help us only we have to use our intelligence and our Indian system has to change reforms are necessary in corruptions, speedy judicial and police stations ...like how usa,Switzerland and Singapore corruptions are very low if some give them bribe they put a case against us like that reforms has to come ..political system reforms also need we all know how many rowdy politicians are there... make india proud', 'After a long time finally zee did this thank u zee', 'Thanks Zee5 for upload this movie I like this movie and This \nMovie should be watch by all College Girls for awareness', 'This movie needs to be released PPL are hiding truth', 'Watched the movie inch by inch 1o times. This is 90 % true story. \n\nAs per my research magazines and YouTube old videos tells the true .yes must watch.', 'Real story.... From Kerala...... Jihad theevravaadhi pannikal..... ğŸ–ğŸ–ğŸ–ğŸ–ğŸ–', 'Kaisi movie h ye??', 'Just finished watching the movie, all girls should watch the movie and make them aware, respect their religion, and teach the future generation right, learn, wake up... Great movie', 'Ok kubul hai hum bi plan karreee jaise thum plsn karre ....hum bi hamare next generation ko jo aap bathha hai hum bi same same to same follow karenge...jai shiv sena jai Maharashtra', 'Please dub in Kannada language', 'Please make gujarath story ğŸ¤Œ', 'Movie mastt haiii buttt Zee5 ne upload kar ke tatti kardi \nSab se ghatiya print rehta haii Zee5 ka aur ghatiya audio \nSala ye 4k bhii tatti dete haiiğŸ˜‚\nKab upgrade karenge kya malum', 'Please add Kannada also as soon as possible ğŸ‘\nWe are waiting ğŸ™', 'Donâ€™t believe any M Frnds plese', 'Finally', 'YeahhhhhhğŸ‰ğŸ‰ğŸ‰ğŸ‰ğŸ‰', 'Thank you so much zee5 finally you released this movie oh my god at last my long time waiting is over for this one movie i am going to subscribe this platform', 'Nice', 'Can we file a suit against this film what kind of shit is this?', 'I cant see even a glimpse of Kerala in the vedio,where is ""kerala"".The people,those mullas,the marriage nothing is near to our culture,we don\'t have khubul hei Pakistan or north indian type of marriages,the hindu muslim marriages happening in Kerala are not love jihads as propagandas,its two people who are in love chose to stay with each other,as a keralite i cant relate anything to this movie', 'à¤®à¥ˆà¤‚ à¤‡à¤¸ Movie à¤•à¤¾ à¤¬à¤¹à¥à¤¤ à¤¦à¤¿à¤¨à¥‹à¤‚ à¤¸à¥‡ à¤‡à¤‚à¤¤à¤œà¤¾à¤° à¤®à¥‡à¤‚ à¤¥à¤¾ thanks zee5â¤', 'Finally wait is over to know the truth.', 'Omg finally wait is over ğŸ˜¢ğŸ˜¢â¤â¤ğŸ˜®ğŸ˜ŠğŸ‰', 'Thank you zee5 finally oot release date confirmed ğŸ˜Š', 'Finallyâ¤', 'I wait this movie', ""Well I am from Mangalore and we also have a house in Kerala, after the movie if u see there is a clip which says that these things are most commonly seen in Kasaragod and mangalore. Which is true. Because I have seen it happening. And I swear to lord my father's friend's daughter got married to a Muslim guy and she went missing. It has been almost 6 years. Her father also tried to look for her and her husband but later he found out there was no person named as such. Which was very disturbing. And she was not the only one missing. There are many girls missing which is a common case we see here. This story is ğŸ’¯ based on a true story. I am not saying all muslims are bad. I also have a few muslims friends who are actually decent people."", ""Highly disappointed of people and their thoughts on this film . This is only a few cases and the way they labelled the whole kerala by naming it as kerela story is what makes my blood boil , i have different friends from different religions a close friend of mine married a muslim girl ,he was a Brahmin, we belive in love and harmony and not violence. Religion is personal and its ur choice to what religion u should choose. To all those north indians trying to find satisfaction in the comment section by thrashing Kerala i pity u , there is thousands of north indians working in Kerala they are migrating to here due to the way of living and people's mentality"", 'Ott par yeh dekhne se pehle dhruv rathee ka kerala story video dekh lena to pata chal jayega is movie kitni fictional (à¤•à¤¾à¤²à¥à¤ªà¤¨à¤¿à¤•) hai', 'Zee à¤µà¤¾à¤²à¥‹à¤‚ Cuts à¤•à¤® à¤¸à¥‡ à¤•à¤® à¤•à¤°à¥‹  à¤”à¤° à¤•à¤¿à¤ à¤¹à¥à¤ cuts à¤•à¥‹ youtube à¤ªà¥‡ à¤¡à¤¾à¤²à¥‹', 'The much awaited ott release', 'Propoganda s*itğŸ˜‚ğŸ˜‚ğŸ˜Š', 'ğŸ˜‚ğŸ˜‚fake', 'In Hindu temples, there are many rituals, but they often lack teaching or guidance like in churches or mosques.\n\nEx: \nSome Hindu temples have sculptures with no descriptions, while others have temple walls that are bare except for pillars. There should be government regulations for the construction of Hindu temples, including protocols that define what constitutes a temple, or else they should be considered for demolition.', 'Its a fake kerala story.', 'why this propaganda film gets so much attention...', 'Next BBC documentary about Narendra modi', 'North Indians bjpâ˜•', 'Most profitable film of the year 2023.I watched it twice in the theatre.Best film ever', 'Wowowowow ğŸ˜®ğŸ˜® I am so so excited to see this blockbuster masterpiece ğŸ’–ğŸ¥°ğŸ˜ğŸ™ğŸ™', ""Can't wait"", 'Ab curiosity finish ho chuki hai film ka ab nahi dekhenge', 'Jai hind', 'Was waiting since the theatrical releaseğŸ¥´ğŸ¥¹...finally can watch it on ott', 'Is it available in Telugu too?', '100% true story \nOr rahi baat election ki bo to abhi 3 states mai hue hai or result sabko pata hai,', 'Kannada version?', 'Propaganda movie ğŸ˜‚ğŸ˜‚ğŸ˜‚ and releasing it now since election is near. Bjp IT cell is working hard lol', 'FInally', 'excited ğŸ™‚', 'Finally Wait is over...', 'Finally wait is over ..... Thanks Zee5', 'Bahut wait Kiya logo ne bhai', 'Hinduo ka dard dikaao film me toh\n\nMuslim - Election ka intezaar ho raha tha\n\nSutiyo Har saal 2 se 3 State me Election hota hai toh kya movie release hi naa kare kya...', ""As a Muslim, I appreciate that  this movie is finally coming to OTT. This is what a true Indian wanted. Kashmir files, vaccine war and now kerala story. Can't wait for bastar as well. Kudos to Adah Sharma. â¤ï¸ğŸ”¥"", '*Also Zee Cinema*', 'Nice', 'Kya jo zee5 ka subscription lia hai bs usa hi show hoga\n\nFree ma watch nhi kar skta kya \n\nPlz reply someone', 'Was waiting for', 'OTT movie with 10000 cuts ğŸ˜‚ğŸ˜‚whole movie is propaganda', 'This movie watching theatre 1st day 1st show. Great movie.. Great direction. Great acting must watch ğŸ˜', 'à¤¦à¥‡à¤¶à¤¹à¤¿à¤¤ à¤«à¤¿à¤²à¥à¤®à¥‹à¤‚ à¤•à¥€ à¤¸à¥‚à¤šà¥€:\nà¥§ Aakhir Palaayan Kab Tak..? (16 February 2024),\nhttps://youtu.be/ZaPG3oH2dOM?si=EAQIBBcyTBsCHey9\n\nà¥¨ Article 370 (23rd February 2024),\nhttps://youtu.be/kWzm1qBjOQQ?si=m9IcTzFqJ6QPar9S\n\nà¥© Accident or Conspiracy Godhra (1st March 2024),\nhttps://youtu.be/6o-63y4bn7w?si=O46xh-m5Hny7exc1\n\nà¥ª Bastar - The Naxal Story (15th March 2024)\nhttps://youtu.be/ubyCImk2Ync?si=KUgcMG4HK5Um6SZ1\n\nà¥« Swatantrya Veer Savarkar (22nd March 2024)\nhttps://youtu.be/8zsATQWF6_c?si=6XOnq1dWZi8rXG62\n\nà¥¬ Emergency (14th June 2024),\nhttps://youtu.be/c5IzzQ4IHH4?si=uTC_qKS_b-aQ16Xf\n\nà¥­ The Diary of West Bengal (Date Note Confirm)\nhttps://youtu.be/Ftjvi3Qcsc0?si=8T2brZD-eqcbLkbI\n\nà¥® Dr. Hedgewar ""à¤®à¥ˆ à¤•à¤¹à¤¤à¤¾ à¤¹à¥‚à¤, à¤¯à¤¹ à¤¹à¤¿à¤‚à¤¦à¥‚ à¤°à¤¾à¤·à¥à¤Ÿà¥à¤° à¤¹à¥ˆ"" (Date Note Confirm)\nhttps://youtu.be/nP7lLO_nnIQ?si=aq1Ntl701FKyvknX\n\n\nà¤¸à¤¨à¤¾à¤¤à¤¨à¥€ à¤¹à¥€ à¤¸à¤¨à¤¾à¤¤à¤¨à¥€ à¤•à¤¾ à¤…à¤¸à¤²à¥€ à¤¶à¤¤à¥à¤°à¥ à¤¹à¥ˆà¤‚ à¤•à¥‹à¤ˆ à¤”à¤° à¤¨à¤¹à¥€à¤‚, à¤œà¥‹ à¤¸à¤¾à¤šà¥€ à¤˜à¤Ÿà¤¨à¤¾ à¤ªà¤° à¤†à¤§à¤¾à¤°à¤¿à¤¤ à¤«à¤¿à¤²à¥à¤®à¥‹à¤‚ à¤•à¥‹ à¤­à¥€ à¤«à¥à¤²à¥‰à¤ª à¤•à¤°à¤¾ à¤¦à¥‡à¤¤à¤¾ à¤¹à¥ˆ, à¤²à¥‡à¤•à¤¿à¤¨ à¤ªà¤ à¤¾à¤¨ à¤œà¥ˆà¤¸à¥€ à¤ªà¥à¤°à¥‹à¤ªà¤—à¤‚à¤¡à¤¾ à¤®à¥‚à¤µà¥€ à¤•à¥‹ à¤¸à¥à¤ªà¤° à¤¹à¤¿à¤Ÿ à¤•à¤°à¤¾ à¤¦à¥‡à¤¤à¤¾ à¤¹à¥ˆ à¤°à¤¾à¤·à¥à¤Ÿà¥à¤°à¤µà¤¿à¤°à¥‹à¤§à¥€ à¤¦à¤¾à¤Šà¤¦ à¤œà¥ˆà¤¸à¥‡ à¤²à¥‹à¤—à¥‹ à¤•à¥€ à¤•à¤¾à¤²à¥€ à¤•à¤®à¤¾à¤ˆ à¤•à¥‹ à¤¸à¤«à¥‡à¤¦ à¤•à¤°à¤¨à¥‡ à¤•à¥‡ à¤²à¤¿à¤, à¤¤à¤¾à¤•à¤¿ à¤•à¤² à¤•à¥‹ à¤µà¥‹ à¤‡à¤¸à¥€ à¤ªà¥ˆà¤¸à¥‡ à¤•à¤¾ à¤‡à¤¸à¥à¤¤à¥‡à¤®à¤¾à¤² à¤­à¤¾à¤°à¤¤ à¤•à¥‡ à¤–à¤¿à¤²à¤¾à¤« à¤•à¤° à¤¸à¤•à¥‡à¥¤ \nà¤¸à¤¨à¤¾à¤¤à¤¨à¥€ à¤µà¤¾à¤¸à¥à¤¤à¤µà¤¿à¤•à¤¤à¤¾ à¤ªà¤° à¤†à¤§à¤¾à¤°à¤¿à¤¤ à¤°à¤¾à¤·à¥à¤Ÿà¥à¤°à¤¹à¤¿à¤¤ à¤«à¤¿à¤²à¥à¤®à¥‹à¤‚ à¤•à¤¾ à¤¨ à¤¤à¥‹ à¤Ÿà¥à¤°à¥‡à¤²à¤° à¤¦à¥‡à¤–à¤¨à¤¾ à¤ªà¤¸à¤‚à¤¦ à¤•à¤°à¤¤à¤¾ à¤¹à¥ˆ, à¤¨ à¤²à¤¾à¤‡à¤• à¤•à¤°à¤¤à¤¾ à¤¹à¥ˆ, à¤¨à¤¾ à¤¹à¥€ à¤•à¤®à¥‡à¤‚à¤Ÿ à¤”à¤° à¤¶à¥‡à¤¯à¤°à¥¤ à¤¦à¥‚à¤¸à¤°à¥€ à¤¤à¤°à¤« à¤°à¤¾à¤·à¥à¤Ÿà¥à¤°à¤µà¤¿à¤°à¥‹à¤§à¥€ à¤—à¥ˆà¤‚à¤— à¤¯à¥‚à¤Ÿà¥à¤¯à¥‚à¤¬ à¤ªà¤° à¤à¤¸à¥€ à¤«à¤¿à¤²à¥à¤®à¥‹à¤‚ à¤•à¥‹ à¤­à¤° à¤­à¤° à¤•à¥‡ à¤¡à¤¿à¤¸à¥à¤²à¤¾à¤‡à¤• à¤”à¤° à¤°à¤¿à¤ªà¥‹à¤°à¥à¤Ÿ à¤•à¤°à¤¤à¥‡ à¤¹à¥ˆ à¤¤à¤¾à¤•à¤¿ à¤Ÿà¥à¤°à¥‡à¤²à¤° à¤•à¥€ à¤ªà¤¹à¥à¤‚à¤š à¤•à¤® à¤¹à¥‹ à¤œà¤¾à¤ à¤¦à¥‚à¤¸à¤°à¥‡ à¤²à¥‹à¤—à¥‹ à¤¤à¤• à¤¨ à¤ªà¤¹à¥à¤‚à¤š à¤¸à¤•à¥‡à¥¤ \nà¤‡à¤¤à¤¨à¤¾ à¤¹à¥€ à¤¨à¤¹à¥€à¤‚ à¤°à¥‡à¤Ÿà¤¿à¤‚à¤— à¤­à¥€ à¤—à¤¿à¤°à¤¾ à¤¦à¥‡à¤¤à¥‡ à¤¹à¥ˆ à¤¬à¥à¤• à¤®à¤¾à¤ˆ à¤¶à¥‹, à¤ªà¥€.à¤µà¥€.à¤†à¤°, à¤†à¤ˆ.à¤à¤®.à¤¬à¥€.à¤¡à¥€ à¤œà¥ˆà¤¸à¥€ à¤°à¥‡à¤Ÿà¤¿à¤‚à¤— à¤¸à¤¾à¤‡à¤Ÿ à¤ªà¤° à¤œà¤¾à¤•à¥‡ 1 à¤¸à¥à¤Ÿà¤¾à¤° à¤¦à¥‡à¤¤à¥‡ à¤¹à¥ˆ à¤¨à¥€à¤šà¥‡ à¤°à¤¿à¤µà¥à¤¯à¥‚ à¤®à¥‡à¤‚ à¤²à¤¿à¤–à¤¤à¥‡ à¤¹à¥ˆ à¤«à¥à¤²à¥‰à¤ª à¤”à¤° à¤ªà¥à¤°à¥‹à¤ªà¤—à¤‚à¤¡à¤¾ à¤®à¥‚à¤µà¥€à¥¤ à¤…à¤—à¤° à¤²à¥‹à¤— à¤¦à¥‡à¤–à¤¨à¥‡ à¤ªà¤¹à¥à¤‚à¤š à¤œà¤¾à¤ à¤ªà¥à¤°à¥‹à¤ªà¤—à¤‚à¤¡à¤¾ à¤•à¤¾à¤® à¤¨ à¤†à¤ à¤°à¤¾à¤·à¥à¤Ÿà¥à¤°à¤µà¤¿à¤°à¥‹à¤§à¥€ à¤—à¥ˆà¤‚à¤— à¤•à¤¾, à¤¤à¥‹ à¤•à¤¹à¤¤à¥‡ à¤¹à¥ˆ à¤«à¤¿à¤²à¥à¤® à¤•à¥‹ à¤¯à¥‚à¤Ÿà¥à¤¯à¥‚à¤¬ à¤ªà¥‡ à¤«à¥à¤°à¥€ à¤®à¥‡à¤‚ à¤¦à¤¿à¤–à¤¾à¤“ à¤”à¤° à¤•à¥‰à¤ªà¥€ à¤•à¤°à¤•à¥‡ à¤¡à¤¾à¤² à¤­à¥€ à¤¦à¥‡à¤¤à¥‡ à¤¯à¥‚à¤Ÿà¥à¤¯à¥‚à¤¬ à¤ªà¥‡, à¤ªà¤¾à¤¯à¤°à¥‡à¤¸à¥€ à¤à¤ª à¤ªà¥‡, à¤Ÿà¥‡à¤²à¥€à¤—à¥à¤°à¤¾à¤® à¤ªà¥‡à¥¤ à¤¤à¤¾à¤•à¤¿ à¤«à¤¿à¤²à¥à¤® à¤«à¥à¤²à¥‰à¤ª à¤¹à¥‹ à¤œà¤¾à¤ à¤”à¤° à¤¬à¤¨à¤¾à¤¨à¥‡ à¤µà¤¾à¤²à¤¾ à¤•à¤°à¥à¤œà¤¦à¤¾à¤° à¤†à¤—à¥‡ à¤¸à¥‡ à¤à¤¸à¥‡ à¤«à¤¿à¤²à¥à¤® à¤¬à¤¨à¤¾ à¤¹à¥€ à¤¨ à¤ªà¤¾à¤à¥¤ \nà¤¹à¤° à¤•à¤¾à¤® à¤•à¤¾ à¤…à¤ªà¤¨à¤¾ à¤®à¥‚à¤²à¥à¤¯ à¤¹à¥‹à¤¤à¤¾ à¤¹à¥ˆ, à¤•à¥‹à¤ˆ à¤†à¤¸à¤®à¤¾à¤¨ à¤¸à¥‡ à¤ªà¥ˆà¤¸à¥‡ à¤¨à¤¹à¥€à¤‚ à¤Ÿà¤ªà¤•à¤¤à¥‡, à¤«à¤¿à¤²à¥à¤® à¤¬à¤¨à¤¾à¤¨à¥‡ à¤®à¥‡à¤‚ à¤®à¥‡à¤¹à¤¨à¤¤ à¤²à¤—à¤¤à¥€ à¤¹à¥ˆ, à¤¯à¤¹ à¤®à¥à¤«à¤¼à¥à¤¤ à¤®à¥‡à¤‚ à¤¨à¤¹à¥€à¤‚ à¤¬à¤¨à¤¤à¥€à¥¤ à¤à¤¸à¥€ à¤«à¤¿à¤²à¥à¤®à¥‹à¤‚ à¤®à¥‡à¤‚ à¤œà¤¾à¤¨ à¤•à¥‹ à¤­à¥€ à¤¸à¤‚à¤•à¤Ÿ à¤¹à¥‹ à¤¸à¤•à¤¤à¤¾ à¤¹à¥ˆà¥¤ à¤•à¤¿à¤¸à¥€ à¤¸à¤¾à¤¹à¤¸à¥€ à¤µà¥à¤¯à¤•à¥à¤¤à¤¿ à¤¦à¥à¤µà¤¾à¤°à¤¾ à¤¹à¥€ à¤à¤¸à¥€ à¤«à¤¿à¤²à¥à¤® à¤¬à¤¨à¤¾à¤ˆ à¤œà¤¾ à¤¸à¤•à¤¤à¥€ à¤¹à¥ˆà¥¤ à¤‡à¤¸à¤•à¥‡ à¤²à¤¿à¤ à¤…à¤—à¤° à¤†à¤ªà¤•à¥‹ à¤¦à¥‹à¤—à¥à¤¨à¥€ à¤•à¥€à¤®à¤¤ à¤­à¥€ à¤šà¥à¤•à¤¾à¤¨à¥€ à¤ªà¤¡à¤¼à¥‡ à¤¤à¥‹ à¤µà¥‹ à¤­à¥€ à¤•à¤® à¤¹à¥ˆà¥¤ à¤«à¤¿à¤²à¥à¤® à¤¬à¤¨à¤¾à¤¨à¥‡ à¤µà¤¾à¤²à¥‡ à¤†à¤—à¥‡ à¤­à¥€ à¤à¤¸à¥‡ à¤¹à¥€ à¤«à¤¿à¤²à¥à¤®à¥‡à¤‚ à¤¬à¤¨à¤¾à¤ à¤¤à¥‹ à¤‰à¤¨à¤•à¤¾ à¤¸à¤®à¤°à¥à¤¥à¤¨ à¤•à¤°à¤¿à¤ à¤¥à¤¿à¤à¤Ÿà¤° à¤®à¥‡à¤‚ à¤œà¤¾à¤•à¥‡ à¤«à¤¿à¤²à¥à¤® à¤•à¥‹ à¤¦à¥‡à¤–à¥‡à¤‚à¥¤ \n\nà¤¹à¤®à¤¨à¥‡ à¤°à¤¾à¤·à¥à¤Ÿà¥à¤°à¤¹à¤¿à¤¤ à¤®à¥‡à¤‚ à¤¬à¤¨à¥€ à¤•à¥à¤› à¤«à¤¿à¤²à¥à¤®à¥‹à¤‚ à¤•à¥‹ à¤«à¥à¤²à¥‰à¤ª à¤•à¤°à¤µà¤¾ à¤¦à¤¿à¤¯à¤¾ à¤«à¤¿à¤²à¥à¤® à¤¦à¥‡à¤–à¤¨à¤¾ à¤¤à¥‹ à¤¦à¥‚à¤° à¤Ÿà¥à¤°à¥‡à¤²à¤° à¤­à¥€ à¤«à¥à¤²à¥‰à¤ª à¤•à¤°à¤µà¤¾ à¤¦à¤¿à¤¯à¤¾à¥¤ à¤œà¥ˆà¤¸à¥‡\nRocketry: The Nambi Effect (Release Date 1 July 2022),\nhttps://youtu.be/yEinBUJG2RI?si=f0Svh_0OLbUoQsxZ\n\nThe Vaccine War (Release Date 28th September 2023),\nhttps://youtu.be/Y-ULaz6I9oY?si=zJKtgF3INPlQRFlA\n  \n695 (Release Date 19th January 2024),\nhttps://youtu.be/qJyNgPCGmz0?si=YVEc5TpvcCDqahST\n\n\nMain ATAL Hoon (Release Date 19th January 2024).\nhttps://youtu.be/VhXP6RDqb1k?si=yzz0NB3HeGSyU9Sr\n\n\nà¤…à¤­à¥€ à¤­à¥€ à¤¸à¤®à¤¯ à¤¹à¥ˆ à¤¸à¥à¤§à¤°à¤¨à¥‡ à¤•à¤¾ à¤¸à¥à¤§à¤° à¤œà¤¾à¤“ à¤œà¥‹ à¤µà¥à¤¯à¤•à¥à¤¤à¤¿ à¤«à¤¿à¤²à¥à¤® à¤•à¥‡ à¤®à¤¾à¤§à¥à¤¯à¤® à¤¸à¥‡ à¤¸à¥‹à¤ à¤¹à¥à¤ à¤¸à¤®à¤¾à¤œ à¤•à¥‹ à¤œà¥‹ à¤œà¤—à¤¾à¤¨à¥‡ à¤•à¤¾ à¤•à¤¾à¤® à¤•à¤°à¥‡ à¤‰à¤¨à¤•à¤¾ à¤ªà¥à¤°à¥à¤£ à¤°à¥‚à¤ª à¤¸à¥‡ à¤¸à¤®à¤°à¥à¤¥à¤¨ à¤•à¤°à¥‡à¤‚à¥¤ à¤‰à¤¨à¤•à¤¾ à¤®à¥‚à¤²à¥à¤¯ à¤šà¥à¤•à¤¾à¤à¥¤ à¤°à¤¾à¤·à¥à¤Ÿà¥à¤°à¤¹à¤¿à¤¤ à¤®à¥‡à¤‚ à¤†à¤¨à¥‡ à¤µà¤¾à¤²à¥€ à¤«à¤¿à¤²à¥à¤®à¥‹à¤‚ à¤•à¤¾ à¤¸à¤®à¤°à¥à¤¥à¤¨ à¤•à¤°à¥‡à¤‚à¥¤ \nà¤œà¤¯ à¤¹à¤¿à¤‚à¤¦, à¤œà¤¯ à¤­à¤¾à¤°à¤¤à¥¤', 'good', 'Thank zee 5', 'Finally finally finally ğŸ‰ğŸ‰ğŸ‰  ek lambe arase ek bar talash Puri Hui OTT ka wait agr maine kisi movie ka kia h to isi masterpiece ka kia hai @zee5 thankyou so much #deraayedurystaaye .. #zee5 #ott #mostsearch #record #adhaasharma #zeechannel #zeetv  #youtube ğŸ‰â¤ğŸ˜Š', 'Damn excited for this â¤', 'This is What happens When the Director gets Full freedom on creativity. Stunning....', 'Thank you very much @Zee 5 â¤â¤â¤', ""FREE#islam#FREE#mullas#WORLD..bharath.all country's,"", ""JAI SRI RAM BHARTH MATA KI JIğŸš©ğŸš©JAI BJP SAVE DEMOCRACY #SAVE#BHARATH#VOTE#BJP#SAVE#TEMPLE'S#SAVEGDP#SAVE#DEVLOPMENT#SAVE#HINDU#CULTUREğŸ™ğŸ™"", ""#love#jihad#mulla#hato o#deshkoo#bachao#don't buy muslim shops#TARGET#2024#elections#BJP#.    Islam âŒ â™‹ cancer, pls girls dont love jihadis dont go fridge,jai shree ram ğŸš©ğŸš© ğŸ•‰ï¸"", 'Finally wait is over now 16th February I am waiting for this movie 6 months', 'Walter veereya movie ko upload kard zee 5 please', 'Who is waiting for this propaganda movie ğŸ˜', 'Yrr bahut injar karna para , but fanilly ab aa gayi...', 'I hope ki atleast yeh theatrical cut wala ho.', 'Finally â¤ï¸â¤ï¸â¤ï¸â¤ï¸â¤ï¸â¤ï¸â¤ï¸', 'à¤¬à¤¹à¥à¤¤ jada time à¤²à¥‡ à¤²à¤¿à¤', 'Mother Chood MuslimğŸ–•ğŸ˜¡', 'The propaganda story.', 'â¤â¤ğŸ‰ğŸ‰ğŸ‰ğŸ˜ŠğŸ˜ŠğŸ˜ŠğŸ˜ŠğŸ˜Š', 'Zee 5 ... Please release Tamil and Telugu movies in ... Hindi ..', 'Kannada?', 'Finally']"
The Hidden Gem of India | KERALA,"Exploring Kerala India to start my wellness tea company
Check out Tome here https://tome.pub/brett 
Watch episode 1 of the Zero to $1 Million Business series https://www.youtube.com/watch?v=PNN0tPzQMY4

Follow my Instagram for real-time updates @brettcconti 
Tea Company Newsletter https://bit.ly/brettsteabiz

Hotels 
Misty Mountain https://expedia.com/affiliates/brettconti/misty
Tea Terrain https://expedia.com/affiliates/brettconti/teaterrain

Arun the driver +91 70255 62075

GEAR
My Camera: https://amzn.to/3B0sKBM
Lens I Use: https://amzn.to/3yRYma9
Peak Design Camera Clip https://amzn.to/44gxhv0
My favorite credit card for travel and getting points https://americanexpress.com/en-us/ref...
Drone: https://amzn.to/44gxhv0
Music I use for all my videos. Sign up for a free Musicbed account to try for yourself https://bit.ly/3yV3uKv",[],"['Welcome to Kerala â¤â¤', 'Love from Kerala ğŸŒ´â¤ï¸', 'Please go to Ladakh. Its a beautiful Place.', 'Love it', 'Recommended - next destination visit to leh Ladakh', 'South is greener and north is dry', 'Wow! The landscapes are amazing! We never knew India was like this, very eye opening. So beautiful ğŸ¥°', '@breetconti bro took my comment seriously from last vedio.', 'Bredt- your geography teacher in your privileged manhattan school is to blame. There are probably 1000 sites in india that would blow away your wildest dreams\n\nItâ€™s not a hidden gem .Arab traders have been trading here for 2000 years. Millions of tourists come here', 'Just wow..,such a good vibe from uâ£ï¸â£ï¸ğŸ‘ğŸ¼\nCould pls check Ladakh nextâ€¼ï¸â“ï¸ğŸ™‚', 'Plz visit northeast India, Kashmir, himachal, rishikesh:)', 'â¤â¤', ""I'm boat man ğŸ˜‚"", 'I recommend traveling to Assam and other northeast states . You will not regret that.', 'You will laugh at your comparison with Switzerland when you visit the Himalayan states of india. Swiss alps got nothing on the mighty himalaya.', 'India is loud.india is huge. india is dirty. india is colourful.india is festivel. india is nature.india is beautiful .india is spiritual.south india ..north india ..north east india ..all are part of india. you will feel like you are in a diff country when u go from one state to another state in india . even as an indian we didnt finished exploring our india.', ""Brett, I can't wait to see you make progress, and then meet the day where I'm leaving a review of your tea somewhere! Keep on keepin' on!"", 'Kerala is the best State in India ğŸŒ´ğŸ’›ğŸ«¶', 'I spent 14 days vlogging in Kerala and loved every minute!', 'India is beautifulâ¤', 'You guys missed kolukkumalai, in munnar - highest organic tea plantation in the world', 'One of a kind â¤â¤', 'not a hidden gem ! its well known by Indians as well as to foreigners, it was hidden gem for you till now i guess', ""If you wanna know more about tea you have to go to assam, the state is India's largest tea producer with more than 50% market share, state also produces some of the most expensive teas in the world. Last year golden pearl tea from Nahorchukbari tea estate sold for more than 1800 dollar for 1kg( around 2.205 pounds)"", 'If you want to experience best tea then come to Darjeeling there you get the best tea..', 'Hope you enjoyed Kerala. \nKerala offers something for all.. like beaches, backwaters , hills, wildlife, river sports, adventure sports,  eco tourism, farm tourism, art,  and even tranquil less known villages in Kerala can offer peace and relaxation  But sadly the tourists just limit to munnar and alappey.', 'Hidden Gem??????', '6:23 thank u brett â¤.....', 'The sad fact is folks who live here, look to go outside for better opportunities.', 'Hey man as you are thinking of starting a business of tea, I think you should go to Darjeeling in india where there are various types of tea and tasting them might give you an idea about what tea type you should use for your business.â¤â¤', 'If you are trying to research for tea, you should definitely visit North Bengal and North East India', ""You should visit north east India it's famous for its tea planty"", 'Do visit rishikesh uttarakhand in India. To find inner peaceâ¤â¤', 'Yo hope to meet you in Sri LankağŸ˜‚ğŸ™Œ', 'This gives us a whole new appreciation for India! Love the insight! Good luck on the Tea venture, bro!', 'Kerala is so beautiful â¤ï¸', 'Gods own country', ""Really excited to see you in Kerala. As a frequent viewer and subscriber from Kochi, I was really surprised to see you come all the way from New York till Munnar, Kerala. Glad you liked it here. Wish we could've met! :)"", 'If you really wanted to know Indian Tea you should have visited Darjeeling in West Bengal and the tea gardens of Assam', 'Welcome to kerala, I am from Kerala. When was your visit, Also there is a lot more places to visit in kerala, this is very short trip', 'Hello Brett! You should check out Poebs estates . They have organic tea plantations in Kerala ( at a lesser known hill town called Nelliyampathi)', ""You can get  Switzerland kind of Beauty just Visit Kashmir or Manali. I think the snowfall is still going there and Goa is a must Visit . And i insist you can consider Traveling to Northeast states like Sikkim and Meghalaya you'll be mesmerized by Indian diversity"", 'namaskaram brett cheta', 'im from kerala dude', 'ahaa ingu ethiyaloğŸ˜', ""You should definitely visit Northeast India. It's far more different than the rest od India and im sure youll be surprised."", ""The tagline 'India's best-kept secret' belongs to Odisha. It's a beautiful state in eastern India, and you should visit Odisha once."", 'What song have you used in 1:10', 'Iâ€™d love it, if Kerala was a hidden gemâ€¦\nNot sure where you popped that out of.', 'India is Huge . \nWe have all kind of places :\nMountains - Beaches\nSnow Alps - Deserts \nModern Citys - Villages\nChaotic - Calm\nSoo many different religions and cultures in one country ğŸ‡®ğŸ‡³', 'The worst place in India are Indian cities. No proper management, traffic rules or regulations. Rest of the India is wonderful especially states like Kerala, Himachal, Ladakh, Kashmir, Sikkim, Arunachal Pradesh, Goa etc', 'Love â¤ from Kerala...', ""don't eat indian food"", 'Umm... Kerala has been on world travellers list as a gateway to India for more than 2000 years.', 'â¤ï¸ğŸ¤©', 'I was there last week. Filled with Britâ€™s! Not really â€œhiddenâ€', 'Glad to see you enjoyed visiting my state Kerala', 'INDIA\'S best kept secret is - ""NORTH SENTINEL ISLAND ğŸ""  ğŸ˜…â¤', ""Are you coming to Assam and Darjeeling? It's another two place in India famous for tea plantations"", 'Fascinating journey!', 'How is kerala a hidden gemğŸ¤¨', 'Incase not already answered - it is a cricket pitch .....', ""Thank you for showcasing this beautiful, yet unknown state of India.  â¤ They dont call it God's Own Country for nothing. You're the man! I'm born and raised in Texas and my parents are both from Kerela. You've singlehandedly  made me want to visit my ancestral motherland. Thanks friend!"", 'â¤â¤ Very\u200b nice\n007', 'I am boat man, I am car man, I am tea man.', '6:29 you are such a genius guy, because u are promoting someone guy business in everytime in your video l, i really like it â¤', 'Hey Brett, Great video man! I just want to let you know the link for your drone is the same link as your camera clip.', ""As an Indian, It's laughable when I see a title calling kerala as best kept secret in India. Just goes to show how little foreigners know about India. Dude India is a huge diverse nation geographically. Not just the busy, noisy and sometimes dirty streets in Mumbai and Delhi."", 'Go to Andaman and Nicobar islands if you want to experience relaxation and true natural beauty in India', 'Come to Assam to get the finest of all teas available all around the world â€¦Not a single western country without the term Assamâ€™s finest tea â€¦Joi aai Axom', 'I\'d personally feel a bit concerned about consuming tea if it\'s from that area. The air does not look ""clean"" and I feel the tea would absorb a lot of this pollution. I may be wrong? But just my gut feeling.', 'Kerala also has the best movie industry in India by a country mile.', ""West Coast of India is much more cosmopolitan than rest of India. It's also much cleaner. Kerala is the model state of India in many ways. Green and clean. People are educated and super friendly. No one cheats people over there. English is also widely spoken in Kerala."", ""Kerala is so incredibly underrated. Most foreign tourist visitors go to the Golden Triangle and Taj Mahal and get appalled by the poverty and dirty conditions over there but places like Kerala are a far cry from the Golden Triangle. \n\nKerala is green, clean, gorgeous , educated and friendly. It's also genuinely cosmopolitan."", 'Football in India? ğŸ˜³ğŸ˜³ğŸ˜³', ""Love from Kerala. The state of course is quite unique with its long rich history of trade across the world, offering a blend of culture you won't find elsewhere - esp with food. And yes, it's a natural beauty, blessed by mountains and beaches - does smell a lot good ğŸ˜‚. Quite a lot more is on offer. Hope you had a great time."", 'Welcome to keralağŸ˜ğŸ˜ğŸ˜', 'Alipay ğŸ˜­...why?? its my hometown and its AlleppeyğŸ¤§', 'Damn hope your eyes gets better soon. The view from the hotel is beautiful. They have so many Games thatâ€™s so cool. 9.5 for that flip ğŸ˜‚good poisoning is no joke. Love this video.  ğŸ’ªğŸ½', ""Do you plan on coming to Mumbai again? If yes, i'd love meeting you"", 'Im from hyderabad in india which is in the south side ... i did visit kerala 2 years ago and u r right that place is heaven ... and also im proud to be indian... thank you man for presenting india in a greatway to the world', 'yoo dude didnt expect you to come to kerala anyway W video', 'Brett being surprised that places like Kerala exist in India and not just cities like Mumbai and Delhi is like me going to US and being surprised that Grand Canyon exists and not just New York and LA.', 'Go to Kashmir or ladakh....\nIts blows your mind...', 'Love from keralaâ¤', 'Go to the south of goa', 'Visit Kashmir, Ladakh, Leh, Sikkim, Ooty & Coorg', ""What western media can't see ...... \nLove your content brett â¤ï¸â¤ï¸"", 'Hi Brett , glad to see u in ğŸ‡®ğŸ‡³ exploring for some good tea...if u wish to come across some of the best tea variety in India u may also try out places like Dargelling and Assam they have many good varieties like Blue tea, Chamomile tea, green tea , white tea, pure matcha tea powder and many more variesties which are even unheard of generally but gets exported outside India...', 'Not only Kerala , karnataka , Western Ghats of Maharastra or Odisha , North-east India all beautiful.', 'Bro where is the mumbai vlog', 'bro plz visit Darjeeling, the queen of Himalayas and home to worlds some best tea', 'I thought you were going over there to research tea looks like your just having a holiday', 'Magical and tropical ğŸŒ´ paradise country!!!', 'If its tea, you gotta head northeast towards Assam and Darjeeling!', 'what people think of india is poluted delhi and mumbai they have no idea about best parts', 'The problem with many foreigners is that they have an oriental perception of India. Those foreigners who have a positive oriental perception of India only want to see Forts and palaces in India and they end up overdoing Rajasthan.\nThose foreigners who have a negative oriental perception of India, only want to see slums and street markets.\nThose foreigners who have objective perception of India cover the diversity of India.', 'à´®à´²à´¯à´¾à´³à´¿ â¤ï¸', 'Checkout northeast', 'Tea is amazing but be careful to select organic or biologic grown tea, otherwise there are reports about a huge usage of pesticides found online by serious health institutes. Like in Germany there were many brands tested and there were some brands with it.']"
Kerala Tourist Places | Best Places To Visit in Kerala,"Kerala Tourist Places | Best Places to Visit in Kerala 

About this video:

This video is about the best tourist places in Kerala. Kerala is an exceptional Indian state that is filled with natural beauty, historical places, cultural heritage and tons of tourist places. Be it the Alleppey's backwaters or  Wayanad's mountains, Kovalam's beaches or Munnar's tea plantation Kerala has something for every kind of traveller. So if you are planning a visit to Kerala, this video is for you as in this video I tried to gave you a complete information about various tourist places in Kerala so that you could plan your trip hassle free. 

My 2023 Filmmaking Gears: 

Main Camera: https://amzn.to/4764zPr
Lens: https://amzn.to/3tMmD2E
Secondary Camera: https://amzn.to/3QbvVNa
Action Camera: https://amzn.to/48Zs8ex
Laptop: https://amzn.to/3tKe5Ju
Camera Bag: https://amzn.to/3SbhXNF
Hard Drive: https://amzn.to/3Fq4Q3T

Footages in this video have been taken from different YouTube channels for better explanation. Credit goes to their respective owners for shooting such amazing videos. Check out their channel:

Ankit Bhatia: https://youtube.com/playlist?list=PLy83Gf9-BFG3tjZ-cY2lInE3YT-OWK00C

White Studio: https://youtu.be/k5diiENGWi0
Manik Sharma: https://youtu.be/Iy1cAhoa7GI
Most Amazing Klips: https://youtu.be/dBSpUD55_-U
Indiavideootorg: https://youtu.be/NaLTdL9CEzQ
Pradeep K Aravind Films: https://youtu.be/ivZHWIqCA6Y
Dare to dream: https://youtu.be/wMxDAY94f8I
Raviz Hotels and Resorts: https://youtu.be/vPmVQEHLH3k
Prtzy: https://youtu.be/MfD9EFI_OiQ
Cape Comorin Vlogs: https://youtu.be/8S01v86ItFA
Travel Penguin: https://youtu.be/MU9WZ-V7vYs
Josiah Kharsyntiew: https://youtu.be/MqX_ONBlCXs
Travelling Mondays: https://youtu.be/TxWuTeT9TO8
Kerala Tourism: https://youtu.be/-iGhXKjdXjg
Explore YRS: https://youtu.be/DDH4UFBECVQ
Travel Penguin: https://youtu.be/k0zSkjAqet4
Car Mafia: https://youtu.be/b1Qh-wBS_2w
Aerial Kerala (MSW): https://youtu.be/NJMcUNiPBfM
Ziggglar: https://youtu.be/eQzfaG97as0
Sivaraj Mathi: https://youtu.be/rRH77kN-t88
Muthu: https://youtu.be/cHkIWidMWEc
Venice Media: https://youtu.be/RU7ne5245xM
KC Charley: https://youtu.be/_TPVnLZFlq8

Related topics:

Kerala tourist places
Kerala tourist bus
Tourist places in Kerala
Best tourist places in Kerala
Kerala tour
Kerala tour plan
Kerala
Munnar
Munnar tourist places
Munnar video
Munnar resorts
Munnar tea garden
Munnar Kerala
Munnar trip
Alleppey
Alleppey houseboat trip
Alleppey tourist places
Wayanad
Wayanad tourist places
Wayanad resorts
Kumarakom lake resort
Kumarakom Kerala
Kumarakom tourist places
Kochi
Kochi tourist places
Varkala beach Kerala
Varkala 
Varkala tourist places
Varkala beaches
Thekkady
Thekkady tourist places
Thekkady resorts
Kovalam
Kovalam beach
Vagamon
Vagamon tourist places
Vagamon resorts
Trivendrum
Padmanabhaswamy temple
Padmanabhaswamy temple mystery
Padmanabhaswamy temple wealth
Padmanabhaswamy temple hidden door

#kerala #keralatouristplaces #keralatrip #munnartouristplaces #munnar #alleppeybackwaters #alleppeyhouseboats #wayanad","['kerala', 'keralatouristplaces', 'keralatrip', 'munnartouristplaces', 'munnar', 'alleppeybackwaters', 'alleppeyhouseboats', 'wayanad']","['Only if North India was like this ğŸ˜¢\nKerala is so beautiful ğŸ˜', 'Thank youğŸ™ for this beautiful video ğŸ¥Sir ğŸ‘ŒğŸ‘Œâ¤ Traveling is the best happiness for me... ğŸ¥°ğŸ’›ğŸ’“', 'I want to visit kerela after marriage with my partner inshallah', 'I hate kerala. Bcz he blocked my heart', 'Bhai paisa kitna lagega', 'Part 2', 'kerala ki koyi local pepole ho too plz reply', 'Beautiful... â™¥ğŸ˜ŠğŸ˜', 'Kerala are very butiful places in southindia with india.. You can see entire kerala with greenery.. And Malayalam flim also are amazing with realistic situation flimâ¤â¤â¤', 'Part 2 à¤šà¤¾à¤¹à¤¿à¤', 'ONE AND ONLY BEAUTIFUL STATE IN ALL OVER INDIA.\nYES MY GODS OWN COUNTRY KERALA...\nWE ARE EDUCATED, WELL SENSED, WELL TALENTED, WELL SUPPORTED, WELL RICHED, SUPER MINDED..\nWELCOMES YOU ALL , WITH HUMANITY...\nPLEASE NOTE...\nCOME LIKE A HUMAN , NOT LIKE A ANIMAL...\nNOT ALLOWED, FACIST, RAPEIST, COMMUNALIST.', 'very beautiful place but the only prblm is no one understands hindi', 'Wow\nSo beautiful â¤â¤', 'I went to kerela in 2019 . It was my NCC camp in kollam district', 'From kerala â¤â¤â¤', 'I am going in Kerala , kochuveli for 3 day , no any fun. Just a beach and some clear water.\nAnd if you thought to drink a coconut water ( pet bharke ) then prices are same , 50 to 60 rupees.\nI am not prefer you to go to Kerala.', 'â¤â¤â¤â¤â¤â¤â¤', 'â¤â¤â¤â¤â¤', 'Superb explanation', 'Awesome...\nhttps://www.youtube.com/watch?v=GGy-pCjVWNk&t=31s', 'There are soccer players in kerala', 'Special isliye kyu ki yaha Muslim ne hijeck karke rakha he', 'Tq', 'Kerala  slowly  radical  Muslim  person bjp focus  this state 12 sear mp confirm', 'Wow the house boat and trip on back water kearla truely amazing â¤â¤â¤', 'Keralaâ€™s sacred groves and traditional pond ğŸ˜\n\nhttps://youtube.com/shorts/B-WFaHY-BHE?si=gprOnZoNt6yg1xi6', 'Part 2 pl send', 'Kerala people very happy ???? No BJP ğŸ˜‚ğŸ˜‚', 'https://youtu.be/UTt3wnvfenI?si=RTKRjXyCckkqdJ8n\nOn trending...On Trip latest Elephant attack on kidğŸ˜¢', 'Part2', 'Amazing place.. I hope someday I will get a chance to explore kerala.. ğŸ˜ğŸ’™ğŸ’™ğŸ’™ğŸ˜ŠğŸ˜Š', 'I am watching your videos from portblair Andaman I have visited Kerala 3 times in my life and seen so many places really very scenic beauty places than other states of India 9:28', 'When I first arrived and was whizzing through the streets to my hotel In a tooktook I cried because it looked so beautiful', 'Im here in kerala now visiting tourist places and the people and its hospitality is the best we laugh and talk all day the people here are always with their smiling faces \nLots of love And Respect the culture from meghalaya', 'https://youtu.be/EpFPFvNiXrI?si=QeNjgeT_9B4shVaH', 'Top 10 places in india https://youtu.be/qPsre5hQ9Nw', ""I am from West Bengal.. I also want to visit Kerala.. It's water boats are very unique.. The Narayan Temples.. The Mountains.. That's why India is know for its diversity ğŸ‡®ğŸ‡³â¤"", 'Part 2 dekhana hai bhai â¤', 'Thnks for sharing nice video', 'One day I am going to visit Kerala inshallah what a marvelous place lots of love from Pakistan ğŸ‘', 'â¤', 'English version please', 'part-2', 'This place is paradiseâ¤â¤â¤â¤', 'ğŸ˜®ğŸ˜®ğŸ˜®ğŸ˜®ğŸ˜®ğŸ˜®', 'Nice  &  Green.  Like Srilanka. ğŸ˜Š', 'Bro total budget', ""Discovering the enchanting beauty of Kerala's tourist places becomes effortless with this insightful guide. From serene backwaters to lush hill stations, it's a compelling roadmap to the best destinations in 'God's Own Country.' An essential companion for anyone seeking a memorable Kerala journey"", 'https://youtube.com/@entenadu?si=cknOwHojWoZoDZnl', 'Your video is very nice', 'KeralağŸ˜', ""Sir I have not seen Kerala state.but don't know what is important place to see.now after seeing ur beautiful video about Kerala tour place really it blessing in disguised.u given very good video. Pl give part 2 video about Kerala. Thanks.â¤"", 'My fav kerlaâ¤â¤â¤', 'Keralaâ¤', 'Which audio track is used in the background anyone known the name of the track', 'Kerala is a Beautiful state.Lots of respect to Kerala State', 'Here indian means South indian', 'Nice video. Please visit Amritsar. I would show you around.', 'Your content always inspires me. Thanks for sharing your passion with us.', 'I appreciate the time and effort you put into making these videos. Keep up the fantastic work!', 'Kerala is a very beautiful place . I really want to come there ğŸ‰â¤', ""Let's travel togetherâ¤"", 'I love kerala', 'Very beautiful place â¤ï¸ğŸ˜»â¤ï¸', 'Useful  information about Karala thank you very much ğŸ˜Š', 'Second part', 'Kerala has its own culture. People co exist regardless of religious beliefs. Everyone is considered friends and neighbors Everyone participate in others happy and unhappy occasions. A beautiful state indeed.ğŸ˜Šâ¤', 'Friends, watching this video is MISLEADING. The person never talks about the costs, effort, time, driving, to get there. I have been there it is not cheap and takes lot of time to go to places, roads are small not upgraded, traffic congestion etc spoils all the fun. Watch out before you believe such video makers.', 'https://youtu.be/qSbXqyUxPKw?si=GNZIlTM3d_vb8-Dg', 'Please make the same in English too', 'Bhai ek se ek masjid b hai kerala me', 'ğŸ‘', 'ğŸ™‹ğŸ»\u200dâ™€ï¸ğŸ¤“ğŸ‘', 'really wowwâ¤â¤â¤', 'what about palakkad kollenkode', '2:44', 'Cheater, fraud', 'Beautiful Kerala', 'Hello', 'Very good karala', 'Beauty of JNU campus\n\nhttps://youtu.be/Aq4CsUybU5c?si=TOJhr7IEq3kY6T4u', 'very beautiful place', 'One of my favorite ğŸ’Ÿ', 'My dream place  â¤', 'Bro bgm music?', 'Love from Bangladesh ğŸ‡§ğŸ‡©', 'Thank you for all your effort you put into these videos - they are wonderful ğŸ™ŒğŸ¼', 'I love kerelaâ¤â¤â¤â¤â¤â¤â¤', 'I am Bissojit - Bk-Natural media -  Sir Please accept my Tag .', 'Please speak in English that would give a broader and global reach .', 'Kya mai kabhi ja paungi Kerala', 'Variety and  different types of beef dishes we Keralites serve for the world.. ğŸ’ªğŸ’ªğŸ’ª', '6:03', 'à¤¬à¤¹à¥à¤¤ à¤¸à¥à¤¨à¥à¤¦à¤°  !', 'Kerala is a beautiful place. This is represent important tourist places. Nice areasâ¤â¤', 'Heaven â¤', 'Kerala is heaven on earth', 'https://youtu.be/NswhJpCqJx4?si=tO1VEV0irc5p3oI7', 'Kerala is a nice place', 'Jai....']"
The Kerala Story - Movie Review &amp; Ratings | Padam Worth ah ?,The Kerala Story - Movie Review & Ratings | Padam Worth ah ?,[],"['Fantastic Review Bro', 'Super movie bro yesterday than pathan must watch movie for all people awareness movie must watch', 'Na oruthan da inda padatha vena nu orundhe ippo nenguluma super', 'Salute to this review â¤', 'Worth the wordsâ¤', 'ğŸ‘', 'Thank you ğŸ™', 'WRONG.....BRO.... WRONG..... BRO.... \n\nBro ithu enna maathiriyaana purithal, intha padathula ISIS theeviravaathigal use panna religion thaan muslim a thavira, Muslim a thavaranavanganu engayum illa, heroine frd death la avanga parents kudavey oru muslim irupparu. Sila unmaigala yaarumey kashta padama sollavey mudiyathu bro. Athumattum illa ithukkaga thannoda muslim lover a yaarum vendam num solla maattanga then  life la kudavey  irukkura muslim frd yaarum verukkavum mattanga kandippa nan ennoda muslim frd a verukka maatan. Then ayothi la oru religion ah theevirama follow pannara oruthanukku other religion la irukkavan help pannuvaney thavira athula oru religion ah yaarum thappa use pannura pola irukkathu so athu kuda compare pannathinga bro..', 'Semme review â¤â¤', ""Dei ayodhi padathula oru hindhu ippadi than irupannu sonna athu thappu illa\nAna itheve Muslim ippadinu sonna thappu\nYaruda neenga\nEnna sangi kuptalam i don't care\nIdhuthan unmai"", 'Dai dai Soorarai Pottru athula unmaia marachu kamichanga, Jai Bhim lium true story yaa mathi camichanga Aiothiliym unmaia mathi camichanga,\nApparam  Annapoorani and A1 evalavu vanmatha kamichanga athuku enna soldra', 'Indha movie panne  directed a petrol poddu koladhanum', 'You is the best â¤', 'This punda can give good ratings for jihad movie annapornai', ')-+ is a woooow movie', 'NA ORU HINDHU ENNODA THANGACHI MUSLIM NAANGA NON BLODD BROTHER SISTER DHA BUT AVA ORU MUSLIMNDRADHA THANDI AVA YE THANGACHI, NA ORU HINDUNDRADHA THAANDI AVA ANNA, IVLODHAANGA SIMPLE, ELLAM ONNA IRUKKANUMNU YOSIKKIROM, IPD PADANGAL KONDU VANDHU MUSLIMS AH THAPPA KAATI, VERA RELIGIONSAH THAPPA SOLLI, IDHELLAM VENA, MANUSHANGALAA IRUPOM, MADHAVERI PUDICHAVANGALA ILLAMA.', 'Worst movie', 'Bro namma oorla than nama ippadi irukom jathi matham illama', 'Anna nega Vera level naâ¤ğŸ‰', 'Super brother...', 'Cringe movie ğŸ‘¿ğŸ˜¡ğŸ˜¡', 'Super review bro', 'Nejamave maasu nah nee!!  â¤ğŸ™', 'Bro irundhalum box office collection la ahdichi norukkuchii broğŸ˜Šâ¤', ""Appadiyella kediyathu padathula 2nd hindu death time la Muslims than help pannuvanga, it's not about Hindu Muslim it's about the f*** using it as a strategy"", 'Unga rivew nan oppose paanala,aana Bro adhemari hindus kaduvala thaappa kamikira movieskum ipadi yea sonna nalla erukum,apo mattum yen yarum varala,', 'Ithanda review ğŸ’¥ğŸ’¥', 'Super anna â¤', 'Iniku tha crt ah Solara thala â¤â¤â¤â¤', 'Pure honest review bro ğŸ‘ğŸ‘ğŸ‘ğŸ’¯ğŸ’¯ğŸ’¯', 'Sema....', 'My bro muslim ponnu love panna ippo Ava ila ğŸ˜¢', 'â¤â¤â¤ Hindustan', 'Super bro â¤â¤â¤', 'ğŸ‘ŒğŸ‘ŒğŸ‘ŒğŸ‘ğŸ‘ğŸ‘', 'à®¨à®©à¯à®±à®¿  â¤', 'Super broâ¤â¤', 'Sangikaluku intha review serupa saanila muki adicha mari irukumğŸ˜…ğŸ˜…ğŸ˜…', ""I don't like this Movie"", 'à®‡à®¨à¯à®¤ à®®à®¾à®¤à®¿à®°à®¿ à®’à®°à¯ à®®à¯‚à®µà®¿à®¯à¯à®®à¯ à®µà®°à®©à¯à®®à¯ à®…à®ªà¯à®ªà¯‹à®¤à¯ à®¤à®¾ à®µà¯†à®³à®¿ à®‰à®²à®•à®¿à®²à¯ à®‡à®ªà¯à®ªà®Ÿà®¿ à®ªà®©à¯à®±à®¾à®™à¯à®•à®©à¯ à®¤à¯†à®°à®¿à®¯à®µà®°à¯à®®à¯ à®’à®°à¯ à®µà®¿à®´à®¿à®ªà¯à®ªà¯à®£à®°à¯à®µà¯ à®à®±à¯à®ªà®Ÿà¯à®®à¯ à®…à®ªà¯à®ªà®¾à®µà®¿ à®®à®•à¯à®•à®³à®¿à®Ÿà®®à¯,à®†à®•à¯ˆà®¯à®¾à®²à¯ à®ªà®¾à®°à¯à®•à¯à®•à®²à®¾à®®à¯,à®†à®©à®¾à®²à¯ à®‰à®£à¯à®®à¯ˆ à®¯à¯‡ à®šà¯Šà®²à¯à®²à¯à®©à¯à®®à¯,à®¨à®Ÿà®¨à¯à®¤à®¤à¯‡ à®à®¨à¯à®¤ à®’à®°à¯ à®¤à®¿à®£à®¿à®ªà¯à®ªà¯ à®•à®¾à®Ÿà¯à®šà®¿à®¯à¯à®®à¯ à®‡à®²à¯à®²à®¾à®®à®²à¯ à®µà®°à®©à¯à®®à¯', 'When you make a true story the main thing director should focus is to make sure he doesnâ€™t hurt any religion sentiments. This director has made the film with the a wrong motive. He has exaggerated every single thing.\nYes this kind of thing has happened before not in the scale the movie showed.', 'Super brother ğŸ™ğŸ™ğŸ™', 'Enna bro eppa release anatha ippa review poduringa', 'Correct ğŸ’¯ review', 'Mualims lofers', 'ğŸ‘ğŸ‘ğŸ‘ğŸ‘ğŸ¤²', 'Unnoda rating super ğŸ‘ğŸ˜ŠğŸ˜ŠğŸ˜Š', 'Masss! Review!! ğŸ”¥ğŸ”¥', 'Super bro. Solratha semmaya sonnenga. Nanum muslim than ana na ella madhathayum madipen. Kovilku powen kumbutuwen. Nenga vera level bro', 'Omg fire 0/5 ğŸ˜® \nFirst time thalaiva', 'SuprğŸ˜‚ğŸ˜‚ review. Rating is unpredicted', 'Intha Mathiri rating naan pathathey illa ğŸ˜‚ğŸ˜‚ğŸ˜‚ğŸ˜‚', 'Vera level rating ğŸ˜‚ super bro ğŸ‰', 'I like your speak bro', 'Trendwood genuine reviewer good rewiew thank you sir â¤â¤ â¤', 'Worst movie in the world', 'I hate kerala story', 'Good bro', 'â¤â¤â¤â¤â¤', 'Unga appa dhana kaasu pottu padam eduthaaru', 'Bro kazhumaram movie pathutigala ....positive reports everywhere', 'Thappana msg movie nu therinjum ellarum ott vanthathukku aprom kooda yen paakkuringa\nTrendswood paakamaye irunthirukkalam\nAvaruthan movie varum munnadiye review podra alache ethuku paakanum review podanum 0 rating kudukkanum\nNaanga padam ott la vanthathu theriyamaye irunthirupomlağŸ¥´ğŸ¥±', 'Great Humanity Review.', 'Hi .bro I am from sri lankan . Muslim...unga ella video um parpan ...nega idhu padata patti sonnadhu enku ronba pidichadhu ...tnx bro â¤ğŸ˜Š', 'Bro naa ranga sammi movie pathutu review pannuga bro', 'Worst movie ğŸ˜‚', 'â¤â¤â¤â¤ğŸ‰ğŸ‰ğŸ‰ğŸ‰ best review broğŸ™ŒğŸ‘ğŸ‘ğŸ‘ğŸ‘ğŸ‘', 'Yen bro thevaila unmaiya nadandhuruku adhuka ullavanga evlo vali anupavachirupanga na ela Muslim ketavanga sola vala .. yenuku oru close frd irukan Muslim. .. sila muslim  innum apdi thn inga irundhuturunga.. yenakeye indha scl tym nandhuruku..  Enna ma Brian wash pannunanuga yenoda padichavan..  Allah thn valimaiya kudupa..Hindus elam avlo valiya kuduthurukanga Kashmir  pakis than  Sondheim anga ulla koduma paduthuranga nu yenmo Innum idhu mari naraiya iruku.. so idhu just oru awareness padam adha apdi thn pakanum.. idha mari irukuravanga la konjam avoid panikanum avlo thn.  adhula ponungakaluku nadandhu oru koduma adha othikitu thn poganum adha vali eduthurukanga ..  inga sila Hindus apdi thappa irukanga some musilum  apdithn  irukanga nala tha eduthukanum avlo thn ..adhuku nu o ratings andha ponnungaluku kudara  justice idhu evlo valiya anupavachirupanga think pani paru.bro. yena una video paththutu thn na padam papen.. neega oru propaganda  va agadhing..... plz....', 'exactah soldringa bro this is proper reviewğŸ’¯âœ¨', 'Super thambi', 'â¤ â¤nee super ya ğŸ˜¢', 'Respect Trendswood ratingğŸ—¿ğŸ”¥\nThe Kerala story ğŸ‘\nAyothi ğŸ‘', 'Vera level ğŸ˜‚ğŸ˜‚ğŸ˜‚ğŸ˜‚', 'â¤â¤â¤â¤â¤â¤â¤â¤â¤â¤', 'Thanks bro â¤', 'Trendswood â¤ï¸â¤ï¸â¤ï¸ğŸ”¥ğŸ”¥ğŸ”¥', 'Tnx bro iam muslim , ippadi ellam islaathula illa', 'ğŸ’¯', 'Sema RatingğŸ˜‚', 'ğŸŒğŸ”¥ğŸ”¥', 'â¤â¤â¤', 'Vera 11 ratingğŸ”¥ğŸ”¥..', 'One of the best & life time  settlement reviewâ¤ğŸ”¥ğŸ”¥ğŸ”¥ğŸ”¥ğŸ”¥', 'ğŸ’¥ğŸ’¥ğŸ’¥', 'Super Brother', 'Trendswoood varalarula 0 rating movie ğŸ¤£', 'HONEST SUPER BRO KEEP IT UPâ¤', 'Ayyo kadavule life la first time oru movie ku  0 mark koduturukkaru ğŸ˜¢ğŸ˜¢', 'Cherans journey web series', 'Super bro manusana manusana mathucha pothum ethula matham enna sathi enna  ellarume onnutha avalothaa...â¤â¤â¤', 'Vera level review', '0 vağŸ˜‚', 'Vera level rating bro na poi indha padatha delete panra nalla Vela innum paklağŸ˜‚', 'Na onga video onnu kooda thawarama pappan bro na ennekum solrathuthan neenga oru honest reviewer onga subscriber a irukkurathu perumaya irukku brother â™¥ï¸ğŸ¥°ğŸ˜', 'Movie Nala eruku Nala Ila apuram movie people entha marri Conway pandromthu mukiyam 0/5. VERY GOOD REVIEW â¤â¤â¤â¤â¤', 'proud to be a subscriber of trendswood', 'Koothi padam sangi movie', 'ğŸ”¥ğŸ”¥ğŸ”¥', 'Its sad that a government with already so much support has to spew hate like this because the elections are near, what are they acheiving by this?', ""Don't they have any other job to always portray Muslims as terrorists?""]"
Kerala Story | By Santhosh George Kulangara | Alleppey-01 | Safari TV,"Santhosh George Kulangara | Kerala Story | Malayalam | Alleppey | Travel Vlog | SGK | Safari | Santhosh George Kulangara

Please Like & Subscribe Safari Channel: https://goo.gl/5oJajN
---------------------------------------------------------------------------------------------------
#keralastory   #safaritv   #santhoshgeorgekulangara   #kerala   #Alleppey #alleppeyhouseboats   #keralatourism   #tourism #resorts #godsowncountry #godsowncountrykerala  #alleppeybackwaters #alleppeybeach #alappuzha #alappuzhahouseboat 

Stay Tuned: https://www.safaritvchannel.com
To buy Sancharam Videos online please click here: https://goo.gl/J7KCWD
To Watch previous episodes of Charithram Enniloode click here: https://goo.gl/VD12Mz
To Enjoy Older Episodes Of Sancharam Please Click here: https://goo.gl/bH8yyncs


Enjoy & Stay Connected With Us !! 
--------------------------------------------------------
â–ºFacebook     : https://www.facebook.com/safaritelevision
â–ºTwitter          : https://twitter.com/safaritvchannel
â–ºInstagram    : https://www.instagram.com/safaritvchannel


|| ANTI-PIRACY WARNING ||


This content is Copyrighted to Safari TV. Any unauthorized reproduction, redistribution, and re-upload is strictly prohibited. Legal action will be taken against those who violate the copyright of the same.","['keralastory', 'safaritv', 'santhoshgeorgekulangara', 'kerala', 'Alleppey', 'alleppeyhouseboats', 'keralatourism', 'tourism', 'resorts', 'godsowncountry', 'godsowncountrykerala', 'alleppeybackwaters', 'alleppeybeach', 'alappuzha', 'alappuzhahouseboat']","['à´à´™àµà´™à´³àµà´Ÿàµ† à´†à´²à´ªàµà´ªàµà´´ â£ï¸ à´†à´²à´ªàµà´ªàµà´´à´¯àµà´Ÿàµ† à´•à´¾à´´àµà´šà´•àµ¾ à´•à´¾à´£à´¾àµ» à´•à´¾à´¤àµà´¤à´¿à´°à´¿à´•àµà´•àµà´•à´¯à´¾à´¯à´¿à´°àµà´¨àµà´¨àµğŸ¥°   SGK ğŸ’—', 'à´†à´²à´ªàµà´ªàµà´´à´¯à´¿àµ½ à´µàµ†à´šàµà´šàµ SGK Sir à´¨àµ† à´•à´¾à´£à´¾à´¨àµà´‚ à´’à´°àµ à´«àµ‹à´Ÿàµà´Ÿàµ‹ à´à´Ÿàµà´•àµà´•à´¾à´¨àµà´‚ à´ªà´±àµà´±à´¿ ğŸ˜â˜ºï¸', 'Sir ithu pole video iniyum sir thanne narration mathiâ™¥ï¸â™¥ï¸â™¥ï¸â™¥ï¸ nalla reach kittum', 'Njangada Kunj Alleppey â¤â¤â¤â¤ğŸ‰', 'Alappuzha vannit arinjillağŸ˜¢ğŸ˜¢', 'â¤', 'Mandanallatha perfect santhosh, iyaliu ipo sadharanakarilek irangalai, allenkil resortukalil thanne', 'My Aleppy ğŸ”¥', 'Vallabhanu pullum aayudham', 'Venice of the east à´à´¨àµà´¨àµ à´µà´¿à´³à´¿à´šàµà´šà´¤àµ à´¸à´¾à´¯à´¿à´ªàµà´ªà´¾à´£àµ.', 'à´•àµ‡à´°à´³ à´¸àµà´±àµà´±àµ‹à´±à´¿à´¯àµà´Ÿàµ† à´à´²àµà´²à´¾ à´à´ªà´¿à´¸àµ‹à´¡àµà´•à´³àµà´Ÿàµ‡à´‚ à´²à´¿à´™àµà´•àµ à´µà´¿à´¦àµ‡à´¶ travel à´¯àµà´Ÿàµà´¯àµ‚à´¬àµàµ¼à´®à´¾à´°àµà´Ÿàµ† à´µàµ€à´¡à´¿à´¯àµ‹à´¯àµà´•àµà´•àµ à´•à´®à´¨àµà´±àµ à´†à´¯à´¿à´Ÿàµà´Ÿàµ à´‡à´Ÿà´£à´‚.', 'à´…à´¤à´¿ à´®à´¨àµ‹à´¹à´°à´‚.....à´†à´²à´ªàµà´ªàµà´´.... â¤ï¸â¤ï¸â¤ï¸', 'Aalapuza pattanatilğŸŒ´ğŸŒ´ğŸŒ´ğŸŒ´', 'à´à´¨àµà´±àµ† à´à´±àµà´±à´µàµà´‚ à´µà´²à´¿à´¯ à´†à´—àµà´°à´¹à´‚ à´’à´°àµ à´¦à´¿à´µà´¸à´‚ à´¹àµ—à´¸àµ à´¬àµ‹à´Ÿàµà´Ÿà´¿àµ½ à´¯à´¾à´¤àµà´° à´šàµ†à´¯àµà´¯à´£à´‚', 'à´•àµ‹à´´à´¿à´•àµà´•àµ‹à´Ÿàµ  à´‰àµ¾à´¨à´¾à´Ÿàµ» à´—àµà´°à´¾à´®à´™àµà´™àµ¾ à´’à´°àµà´ªà´¾à´Ÿàµ à´‰à´£àµà´Ÿàµ ... à´•à´•àµà´•à´¯à´‚ , à´¤àµ‹à´£à´¿à´•àµà´•à´Ÿà´µàµ , à´¤à´¾à´®à´°à´¶àµà´¶àµ‡à´°à´¿ à´šàµà´°à´‚ , à´•à´¾à´ªàµà´ªà´¾à´Ÿàµ , knowledge city etc à´à´¨àµà´¨à´¿à´µ à´¨à´¿à´™àµà´™à´³à´¿àµ½ à´¨à´¿à´¨àµà´¨àµà´‚ à´ªàµà´°à´¤àµ€à´•àµà´·à´¿à´•àµà´•àµà´¨àµà´¨àµ \n\n\n\n\nBy UMAIR AVELATH', 'Not clean. Needs to improve.', 'à´•àµ‡à´°à´³à´¤àµà´¤à´¿àµ½ à´à´²àµà´²à´¾à´‚ à´œà´¿à´²àµà´² à´ªàµ‹à´•à´£à´‚ â™¥ï¸â™¥ï¸plz', 'Sir chathanad vare vannit kannan patiyilalo ğŸ˜¢', 'Alappuzha...â¤', 'à´¸àµ‚à´ªàµà´ªàµ¼ğŸ‰â¤ğŸ‰â¤ğŸ‰', 'à´¨à´¿à´™àµà´™àµ¾ à´¨à´²àµà´²àµŠà´°àµ à´•à´šàµà´šà´µà´Ÿà´•àµà´•à´¾à´°à´¨à´¾à´£àµ†à´¨àµà´¨àµ à´…à´±à´¿à´¯à´¾à´‚ à´ªà´•àµà´·àµ‡ à´•àµ‡à´°à´³ à´¸àµà´±àµà´±àµ‹à´±à´¿ à´à´¨àµà´¨à´¾ à´ªà´°àµà´ªà´¾à´Ÿà´¿à´²à´¾à´£àµ  à´¨à´¿à´•àµà´•à´³àµà´Ÿàµ† à´¬àµà´°à´¿à´²àµà´¯àµ»à´¸àµ à´¶àµ†à´°à´¿à´•àµà´•àµà´‚ à´®à´¨à´¸à´¿à´²à´¾à´¯à´¤àµ  ğŸ‘ğŸ‘ğŸ‘ à´ªàµŠà´³à´¿à´šàµà´šàµ', 'à´¸à´¨àµà´¤àµ‹à´·àµ‡à´Ÿàµà´Ÿà´¾.à´•àµŠà´²àµà´²à´‚ à´œà´¿à´²àµà´²à´¾ à´·àµ‚à´Ÿàµà´Ÿàµ à´šàµ†à´¯àµà´®àµà´ªàµ‹àµ¾ à´†à´¶àµà´°à´®à´¾à´‚ à´®àµˆà´¤à´¾à´¨à´‚ à´¨àµ€à´£àµà´Ÿà´•à´°. à´œà´¾à´Ÿà´¯àµ à´ªà´¾à´± à´ªàµà´¨à´²àµ‚àµ¼ à´¤àµà´•àµà´•àµà´ªà´¾à´²à´‚ mandro à´¤àµà´°àµà´¤àµà´¤àµ. à´ªà´¾àµ¼à´µà´¤à´¿ à´ªàµà´¤àµà´¤à´¨à´¾àµ¼ .à´•àµŠà´²àµà´²à´‚ à´¬àµ€à´šàµà´šàµ à´¤à´™àµà´•à´¶àµ‡à´°à´¿ à´²àµˆà´±àµà´±àµ à´¹àµ—à´¸àµ etc... à´•à´¾à´£à´¿à´•àµà´•à´¾àµ» à´®à´±à´•àµà´•à´²àµà´²àµ‡...à´‡à´ªàµà´ªàµ‹àµ¾ à´•àµŠà´²àµà´²à´‚ à´œà´¿à´²àµà´²à´¯à´¿àµ½ à´‰à´¤àµà´¸à´µ à´¸àµ€à´¸àµº à´†à´£àµ à´ªà´±àµà´±àµà´®àµ†à´™àµà´•à´¿àµ½ à´•àµ†à´Ÿàµà´Ÿàµ à´•à´¾à´´àµà´šàµà´š à´•àµ‚à´Ÿà´¿ à´·àµ‚à´Ÿàµà´Ÿàµ à´šàµ†à´¯àµà´¤à´¾àµ½ à´¨à´¨àµà´¨à´¾à´¯à´¿à´°à´¿à´•àµà´•àµà´‚...à´µà´Ÿà´•àµà´•àµ» à´•àµ‡à´°à´³à´¤àµà´¤à´¿àµ½ à´‰à´³àµà´³à´µàµ¼à´•àµà´•àµ à´à´™àµà´™à´³àµà´Ÿàµ† à´•àµà´·àµ‡à´¤àµà´° à´‰à´¤àµà´¸à´µà´™àµà´™à´³àµ† à´ªà´±àµà´±à´¿à´¯àµà´‚ à´•àµ†à´Ÿàµà´Ÿàµ à´•à´¾à´´àµà´šàµà´š à´à´Ÿàµà´•àµà´•à´¾àµ» à´‰à´³àµà´³ à´¯àµ‚à´£à´¿à´±àµà´±à´¿ à´¯àµ† à´ªà´±àµà´±à´¿à´¯àµà´‚ à´µà´²à´¿à´¯ à´…à´±à´¿à´µàµ à´‡à´²àµà´²...à´à´™àµà´™à´³àµà´Ÿàµ† à´¨à´¾à´Ÿà´¿à´¨àµà´± à´‰à´¸àµà´¤àµà´¸à´µà´™àµà´™à´³àµ† à´ªà´±àµà´±à´¿ à´µàµ€à´¡à´¿à´¯àµ‹ à´šàµ†à´¯àµà´¯à´£àµ‡ .', 'à´…à´¤à´¿ à´®à´¨àµ‹à´¹à´°à´®à´¾à´•àµà´•à´¾àµ» à´¸à´¾à´§àµà´¯à´¤à´•à´³àµà´£àµà´Ÿà´¾à´¯à´¿à´°àµà´¨àµà´¨àµ à´µàµ‡à´®àµà´ªà´¨à´¾à´Ÿàµà´Ÿàµ à´•à´¾à´¯à´²à´¿à´¨àµà´‚à´ªà´°à´¿à´¸à´°à´¤àµà´¤à´¿à´¨àµà´‚ à´µà´¿à´¦àµ‡à´¶à´¤àµà´¤àµà´•à´¾à´£àµà´‚ à´ªàµ‹à´²àµŠ à´•à´¾à´¯à´²à´¿àµ»àµà´±àµ† à´…à´°à´¿à´•àµŠà´•àµà´•àµ† à´•à´²àµà´²àµà´•àµ¾ à´•àµŠà´£àµà´Ÿàµ à´•àµ†à´Ÿàµà´Ÿà´¿ à´µàµƒà´¤àµà´¤à´¿à´¯à´¾à´•àµà´•àµà´•à´¯àµà´‚ à´¹àµ—à´¸àµ à´¬àµ‹à´Ÿàµà´Ÿà´¿à´²àµ† à´œàµ€à´µà´¨à´•àµà´•à´¾àµ¼à´•àµà´•àµ à´ªàµŠà´¤àµ à´¯àµ‚à´£à´¿à´«àµ‹à´‚ à´¨à´¿àµ¼à´¬à´¨àµà´§à´®à´¾à´•àµà´•àµà´•à´¯àµà´‚ à´šàµ†à´¯àµà´¤àµ à´Ÿàµ‚à´±à´¿à´¸à´‚ à´ªàµà´°à´«à´·à´£à´²à´¿à´¸à´®à´¾à´•àµà´•à´£à´‚ à´à´¨àµà´¨à´¾à´²àµ† à´µà´¿à´¦àµ‡à´¶à´¿à´•à´³àµ† à´‡à´™àµà´™àµ‹à´Ÿàµà´Ÿàµà´†à´•àµ¼ à´·à´¿à´•àµà´•à´¾àµ» à´ªà´±àµà´±àµà´•à´¯àµà´³àµà´³àµ‚ à´µà´¿à´¦àµ‡à´¶ à´¸à´àµà´šà´¾à´°à´¿à´•àµ¾ à´µà´°à´¾à´¤àµà´¤ à´Ÿàµ‚à´±à´¿à´¸àµà´±àµà´±àµ à´•àµ‡à´¨àµà´¦àµà´°à´™àµà´™à´³àµ† à´ªà´±àµà´±à´¿ à´¨à´®àµà´®àµ¾ à´à´¤àµà´° à´ªàµŠà´•àµà´•à´¿ à´ªà´±à´àµà´à´¿à´Ÿàµà´Ÿàµà´‚ à´•à´¾à´°àµà´¯à´®à´¿à´²àµà´²', ""à´àµ»àµà´±àµ† à´¨à´¾à´Ÿàµ à´šà´°à´¿à´¤àµà´° à´¸à´àµà´šà´¿à´°à´¿à´¯à´¾à´¯ à´¸à´¨àµà´¤àµ‹à´·àµ à´¸à´¾à´±à´¿àµ»àµà´±àµ† à´•àµà´¯à´¾à´®à´± à´•à´£àµà´£à´¿àµ½ à´ªà´•àµ¼à´¤àµà´¤à´¿à´¯à´¤à´¿àµ½ à´…à´­à´¿à´®à´¾à´¨à´‚' à´¨à´¾à´Ÿà´¿àµ»àµà´±àµ† à´­à´‚à´—à´¿à´¯à´¿àµ½ à´…à´µà´¤à´°à´£ à´®à´¿à´•à´µàµ à´à´¤àµà´° à´®à´¨àµ‹à´¹à´°à´‚"", 'à´•àµ‡à´°à´³ à´¸àµà´±àµà´±àµ‹à´±à´¿ à´‡à´‚à´—àµà´²àµ€à´·àµ à´­à´¾à´·à´¯à´¿àµ½ à´…à´µà´¤à´°à´¿à´ªàµà´ªà´¿à´šàµà´šà´¾àµ½ à´µàµˆà´¦àµ‡à´¶àµ€à´¯à´°àµ† à´†à´•àµ¼à´·à´¿à´•àµà´•àµà´µà´¾àµ» à´¸à´¾à´§à´¿à´•àµà´•àµà´‚,  à´•àµà´±à´àµà´à´ªà´•àµà´·à´‚ à´‡à´‚à´—àµà´²àµ€à´·àµ subtitile à´¨àµ½à´•à´¿à´¯à´¿à´°àµà´¨àµà´¨àµ‡àµ½ à´¨à´²àµà´²à´¤à´¾à´¯à´¿à´°àµà´¨àµà´¨àµ ğŸ‘Œ', 'à´à´¤àµà´° à´®à´¨àµ‹à´¹à´°à´®à´¾à´£àµ à´¨à´®àµà´®àµà´Ÿàµ† à´•àµ‡à´°à´³à´‚ğŸ˜Š.', 'Sir kannur varunudikil ariyikanney', 'Keralam tourisathinu etra praadhaanyam indennu ee videokalil theliyunnu. Tourism should get more importance in kerala. \nSanthosh sir great fan of your works.ğŸ’—', 'nice', 'Waiting for the next video â¤', 'Ellam OK Nalla oru mazha peythal theern Veedin akath vare vellam kerum atum uppu vellam ğŸ˜', 'Waiting for kochi', 'Alhamdulillah', 'Is there mosquitoes in Alappuzha? And bad smell?', 'à´†à´²à´ªàµà´ªàµà´´à´¯àµ†à´•àµà´•à´¾àµ¾ à´­à´‚à´—à´¿à´¯àµà´³àµà´³ à´¸àµà´¥à´²à´®à´¾à´£àµ à´•à´¾à´¸àµ¼à´—àµ‹à´¡àµ à´œà´¿à´²àµà´²à´¯à´¿à´²àµ† à´µà´²à´¿à´¯à´ªà´±à´®àµà´ªàµ', 'à´µà´³à´°àµ† à´®à´¨àµ‹à´¹à´°à´‚ sgk à´¸à´¾àµ¼ ğŸ‘ğŸ½', 'Alleppey mullakal kshethrathile adhyakala melsanthi ente achan ayirunnu,ipol achante chettante makante makn anu santhikazhikunnathu.Thanks bro Alleppey SDV schoolil padicha kalam onnum marakan akilla,alpykari anenkilum ellam adhyamayi kanukayanu,entemakane thankal ariyumallo ( prakash).', 'Alleppey â¤', 'à´…à´Ÿà´¿à´ªàµŠà´³à´¿ à´¸à´¨àµà´¤àµ‹à´·àµ\u200c à´šàµ‡à´Ÿàµà´Ÿà´¾ ğŸ™ğŸ¼ğŸŒ¹ğŸ™ğŸ¼', 'à´…à´­à´¿à´®à´¾à´¨à´‚ à´à´¨àµà´±àµ† à´†à´²à´ªàµà´ªàµà´´ â¤', 'à´µà´¿à´µà´°à´£à´  à´ªàµ‹à´°à´¾ à´®à´±àµ‡à´± à´†àµ¾ à´à´µà´¿à´Ÿàµ†', 'à´†à´¦àµà´¯à´¤àµà´¤àµ† à´¹àµ—à´¸àµà´¬àµ‹à´Ÿàµà´Ÿàµ à´•à´¾à´£à´¾àµ» à´šàµ†à´¨àµà´¨à´ªàµà´ªàµ‹àµ¾ à´…à´¤à´¿à´²à´¿à´°àµà´¨àµà´¨ à´¡àµà´°àµˆà´µàµ¼ à´’à´°àµ à´®à´°àµà´¯à´¾à´¦à´¯àµà´‚ à´•à´¾à´£à´¿à´•àµà´•à´¾à´¤àµ†, à´µàµ‡à´£à´®àµ†à´™àµà´•à´¿àµ½ à´·àµ‚à´Ÿàµà´Ÿàµ à´šàµ†à´¯àµà´¤àµ à´ªàµ‹ à´à´¨àµà´¨à´­à´¾à´µà´‚.\nà´°à´£àµà´Ÿà´¾à´®à´¤àµà´¤àµ† à´¬àµ‹à´Ÿàµà´Ÿà´¿àµ½ à´šàµ†à´¨àµà´¨à´ªàµà´ªàµ‹àµ¾ à´‰à´Ÿà´®à´¸àµà´¥à´¨àµà´‚ à´®à´±àµà´±àµà´³àµà´³à´µà´°àµà´‚ à´à´´àµà´¨àµà´¨àµ‡à´±àµà´±àµ à´¨à´¿à´¨àµà´¨àµ à´¸àµà´µàµ€à´•à´°à´¿à´•àµà´•àµà´¨àµà´¨àµ.', 'â¤â¤', 'A very productive for Indian and Kerala truism is the development of major coastal towns in Kerala - Quilon, Alleppy, Changanacherry, Kottayam etc. A ten year mega project for this purpose should be designed and enacted as a combined effort of the Central and Kerala Tourism departments. The mission should be to develop an interconnected coastal tourist experience that can surpass the attractiveness of any other comparable locations in the world.', 'à´à´²àµà´²à´¾à´¯à´¿à´Ÿà´µàµà´‚ à´’à´¨àµà´¨àµ à´µàµƒà´¤àµà´¤à´¿à´¯à´¾à´•àµà´•à´¿ à´‡à´Ÿàµà´Ÿà´¿à´°àµà´¨àµà´¨àµ†à´™àµà´•à´¿àµ½', 'Thankyou,Sri Santhosh â¤ğŸ™', 'poland episodes upload cheyyumo???', 'Njan alappuzhakaran. Next eppisode undo', 'Kerala Story videos are color graded , everything looks colorful , pakshe UP,Maharashtra ,Gujarat videos onnum color graded alla , athentha?', 'à´†à´²à´ªàµà´ªàµà´´à´¯àµà´Ÿàµ† à´‡à´ªàµà´ªàµ‹à´´à´¤àµà´¤àµ† à´¨à´¿à´²à´µà´¾à´°à´‚ à´ˆ à´µàµ€à´¡à´¿à´¯àµ‹à´¯à´¿àµ½ à´¨à´¨àµà´¨à´¾à´¯à´¿ à´šà´¿à´¤àµà´°àµ€à´•à´°à´¿à´šàµà´š à´…à´™àµà´™àµ‡à´¯àµà´•àµà´•àµ à´¨à´¨àµà´¦à´¿ ğŸ™ğŸ¼ à´‡à´Ÿàµà´•àµà´•à´¿ à´ªà´¤àµà´¤à´¨à´‚à´¤à´¿à´Ÿàµà´Ÿ à´œà´¿à´²àµà´²à´•àµ¾ à´¨à´®àµà´®àµà´Ÿàµ† à´¹à´¿àµ½ à´Ÿàµ‚à´±à´¿à´¸à´‚ à´†à´£àµ†à´™àµà´•à´¿àµ½ à´†à´²à´ªàµà´ªàµà´´ - à´•àµà´®à´°à´•à´‚ - à´•àµŠà´²àµà´²à´‚ à´¨à´—à´°à´™àµà´™àµ¾ à´¤àµ€à´°à´¦àµ‡à´¶ à´Ÿàµ‚à´±à´¿à´¸à´¤àµà´¤à´¿à´¨àµà´±àµ† à´®àµà´–à´®àµà´¦àµà´°à´¯à´¾à´£àµ ğŸ’•', 'à´àµ»àµà´±àµ†à´†à´²à´ªàµà´ªàµà´´ à´à´¤àµà´° à´®à´¨àµ‹à´¹à´°à´‚â¤â¤â¤â¤ğŸ‰ğŸ‰', 'â¤â¤â¤â¤â¤ğŸ˜ŠğŸ˜ŠğŸ˜ŠğŸ˜ŠğŸ˜ŠğŸ˜Š', 'Karimanal ulla nammude Alappuzha', 'à´†à´²à´ªàµà´ªàµà´´ â¤ï¸', 'Beautiful sceneries and in-depth narrations.â¤â¤\nA humble requestâ€”Can you please add English subtitles to the Kerala story episodes?\nIt will be helpful to those who donâ€™t understand Malayalam (especially foreigners)', ""à´¸à´«à´¾à´°à´¿ à´šà´¾à´¨à´²à´¿àµ½ à´à´±àµà´±à´µàµà´®à´§à´¿à´•à´‚ 'horn' à´…à´Ÿà´¿ background-à´²àµ\u200d à´¨à´¿à´±à´àµà´àµ à´¨à´¿à´¨àµà´¨ à´’à´°àµ episode à´†à´¯à´¿à´°àµà´¨àµà´¨àµ à´‡à´¤àµ. à´¨à´²àµà´² à´­à´¾à´µà´¨ à´‰à´³à´³  à´­à´°à´£à´¾à´§à´¿à´•à´¾à´°à´¿à´•à´³àµ\u200d à´‰à´£àµà´Ÿà´¾à´¯à´¿à´°àµà´¨àµà´¨àµ à´à´™àµà´•à´¿à´²àµ\u200d America à´¯à´¿à´²àµ† à´«àµà´²àµ‹à´±à´¿à´¡ à´ªàµ‹à´²àµ† à´†à´•àµà´•à´¾à´¨àµ\u200d à´•à´´à´¿à´¯àµà´¨àµà´¨ à´’à´°àµ à´®à´¿à´•à´šàµà´š à´¸àµà´¥à´²à´‚ à´†à´£àµ à´¨à´®àµà´®àµà´Ÿàµ† à´†à´²à´ªàµà´ªàµà´´. à´ˆ à´°à´£àµà´Ÿàµ à´¸àµà´¥à´²à´¤àµà´¤àµà´‚ à´¨à´¿à´°à´µà´§à´¿ à´¤à´µà´£ à´¸à´¨àµà´¦à´°àµ\u200dà´¶à´¿à´šàµà´š à´…à´¨àµà´­à´µà´¤àµà´¤à´¿à´¨àµà´±àµ† à´µàµ†à´³à´¿à´šàµà´šà´¤àµà´¤à´¿à´²àµ\u200d à´ªà´±à´¯àµà´•à´¯à´¾à´£àµ."", 'à´à´¨àµà´±àµ† à´œà´¿à´²àµà´²à´¯àµà´Ÿàµ† à´®à´¨àµ‹à´¹à´¾à´°à´¿à´¤ â¤', 'à´µàµà´¯à´¤àµà´¯à´¸àµà´¥à´®à´¾à´¯ à´¸à´‚à´¸àµà´•à´¾à´°à´‚,   à´’à´°àµ à´œà´¿à´²àµà´²à´¯à´¿à´²àµ\u200d à´¤à´¨àµà´¨àµ† à´µàµà´¯à´¤àµà´¯à´¸àµà´¤ à´­à´¾à´· à´†à´¶à´¯à´µà´¿à´¨à´¿à´®à´¯ à´¶àµˆà´²à´¿, à´•à´ªàµà´ªà´¯àµà´‚ à´•à´°àµ€à´®à´¿à´¨àµà´±àµ† à´•àµ‚à´Ÿàµ† à´’à´°àµ à´•àµà´ªàµà´ªà´¿ à´¤àµ†à´™àµà´™à´¿àµ» à´•à´³àµà´³àµà´‚,  à´à´°à´¿à´µàµà´‚ à´ªàµà´³à´¿à´¯àµà´‚ à´¨à´¿à´±à´àµà´ à´®à´¤àµà´¸àµà´¯ à´µà´¿à´­à´¾à´—à´™àµà´™à´³àµà´Ÿàµ†à´¯àµà´‚ à´¨à´¾à´Ÿàµ, à´¨àµ†à´²àµà´²àµ à´ªà´¾à´Ÿà´™àµà´™à´³àµà´Ÿàµ†à´¯àµà´‚  à´ªàµà´¨àµà´¨à´ªàµà´° à´µà´¯à´²à´¾à´°àµ\u200d à´¸à´®à´°à´™àµà´™à´³àµà´‚ à´¨à´Ÿà´¨àµà´¨à´¤àµà´‚,  à´•à´¯à´±à´¿à´¨àµà´±àµ† à´µàµà´¯à´µà´¸à´¾à´¯à´¤àµà´¤à´¿à´¨àµà´±àµ†à´¯àµà´‚ à´¨à´¾à´Ÿàµ  â¤à´•à´Ÿà´²à´¿àµ½ à´®à´¤àµà´¸àµà´¯à´¬à´¨àµà´§nam à´¨à´Ÿà´¤àµà´¤àµà´¨àµà´¨à´µà´°àµà´‚  à´•à´¾à´¯à´²à´¿à´²àµ† à´…à´Ÿà´¿à´¤àµà´¤à´Ÿàµà´Ÿà´¿à´²àµ\u200d à´®àµà´™àµà´™à´¿ à´•à´•àµà´• à´µà´¾à´°à´¿ à´œàµ€à´µà´¿à´•àµà´•àµà´¨àµà´¨à´µà´°àµà´®à´¾à´¯ à´¸à´¾à´§à´¾à´°à´£ à´®à´¨àµà´·àµà´¯à´°àµ\u200d  à´œàµ€à´µà´¿à´•àµà´•àµà´¨àµà´¨ à´¸àµà´¥à´²à´‚  , Alappeyâ¤ . à´•àµ‡à´°à´³à´¤àµà´¤à´¿à´²àµ† à´à´²àµà´²à´¾ à´œà´¿à´²àµà´²à´•à´³à´¿à´²àµà´‚ à´‰à´³àµà´³à´¤àµ à´ªàµ‹à´²àµ† à´ˆ à´œà´¿à´²àµà´²à´•àµà´•àµà´‚ à´…à´¤à´¿à´¨àµà´±àµ‡à´¤à´¾à´¯ à´®à´±àµà´±àµ‹à´°àµ à´ªàµà´°à´•àµƒà´¤à´¿ à´­à´‚à´—à´¿ à´‰à´£àµà´Ÿàµ . à´µàµ‡à´£àµà´Ÿ à´ªà´°à´¿à´—à´£à´¨ à´•à´¿à´Ÿàµà´Ÿàµà´¨àµà´¨à´¿à´²àµà´² à´à´¨àµà´¨à´¤àµ  à´¸à´¤àµà´¯à´‚ â¤', 'Njan oru Alappuzhakari', 'How much effort behind these videos ..giving voice over ..peopple who have done it know how much effort it js', 'ğŸ™â¤ï¸ğŸ‘ thanks', 'First govt boats neat aayee iruikkanam\nPlastic edaurudhu edunavarodu fine edakkanam..\nMaintenance ella\nGood video â¤â¤â¤', 'à´¸à´¾àµ¼  à´†à´²à´ªàµà´ªàµà´´à´¯àµà´Ÿàµ† à´¸àµ—à´¨àµà´¦à´°àµà´¯à´‚ à´à´¨àµà´¤àµ à´­à´‚à´—à´¿à´¯à´¾à´¯à´¿ à´’à´ªàµà´ªà´¿à´¯àµ†à´Ÿàµà´¤àµà´¤à´¿à´°à´¿à´•àµà´•àµà´¨àµà´¨àµâ¤â¤â¤â¤â¤', 'à´‡à´¤àµ à´à´™àµà´™à´³àµà´Ÿàµ† à´ªà´¿à´£à´±à´¾à´¯à´¿ à´¸à´–à´¾à´µàµ à´ªàµà´°à´®àµ‹à´·àµ» à´šàµ†à´¯àµà´¤à´¤à´¾à´£àµ‹ à´…à´¤àµ‹ à´Ÿàµ‚à´±à´¿à´¸à´‚ à´®à´¨àµà´¤àµà´°à´¿ à´±à´¿à´¯à´¾à´¸àµ à´µàµ€à´£ à´ªàµà´°à´®àµ‹à´·àµ» à´šàµ†à´¯àµà´¤à´¤à´¾à´£àµ‹.à´¤à´¾à´™àµà´•àµ¾à´•àµà´•àµ à´‡à´¤à´¿à´¨àµà´±àµ† à´†à´µà´¶àµà´¯à´‚ à´‰à´£àµà´Ÿàµ‹.à´¨à´®àµà´®àµà´Ÿàµ† à´¨à´¾à´Ÿà´¿à´¨àµ‡à´¯àµà´‚ à´¨à´¾à´Ÿà´¿à´¨àµà´±àµ† à´…à´µà´¸àµà´¥à´¯àµà´‚ à´à´™àµà´™àµ¾à´•àµà´•àµ à´…à´±à´¿à´¯à´¿à´²àµà´²àµ‡ à´¤à´¾à´™àµà´•à´³àµà´Ÿàµ† à´µà´¿à´µà´°à´£à´‚ à´†à´µà´¶àµà´¯à´®àµà´£àµà´Ÿàµ‹.à´¨à´¨àµà´¨à´¾à´¯à´¿ à´†à´²àµ‹à´šà´¿à´•àµà´•àµ‚', 'à´­à´¾à´µà´¿à´¯àµà´Ÿàµ† à´¨à´¿à´²à´¨à´¿àµ½à´ªàµà´ªà´¿ à´²àµ‡à´•àµà´•àµ à´±à´¿à´¸àµ‹àµ¼à´Ÿàµà´Ÿàµ à´•à´¾àµ¼ à´à´™àµà´•à´¿à´²àµà´‚ à´®àµàµ»à´•àµˆà´¯àµ†à´Ÿàµà´¤àµà´¤àµ, à´¹àµ—à´¸àµ à´¬àµ‹à´Ÿàµà´Ÿàµà´•à´³à´¿àµ½ à´¨à´¿à´¨àµà´¨àµ à´ªàµà´±à´¨àµà´¤à´³àµà´³àµà´¨àµà´¨ à´®à´¨àµà´·àµà´¯à´µà´¿à´¸àµ¼à´œàµà´¯ à´®à´¾à´²à´¿à´¨àµà´¯à´™àµà´™à´³àµà´‚, à´ªà´¾à´¯àµ½ à´¨à´¿à´±à´àµà´ à´ˆ  à´•à´¾à´¯àµ½ à´ªà´°à´ªàµà´ªàµà´•à´³àµà´‚ à´¯à´¥à´¾à´µà´¿à´§à´¿ à´¶à´¾à´¸àµà´¤àµà´°àµ€à´¯à´®à´¾à´¯à´¿ à´¸à´‚à´°à´•àµà´·à´¿à´•àµà´•à´ªàµà´ªàµ†à´Ÿàµ‡à´£àµà´Ÿà´¤àµ   à´…à´¨à´¿à´µà´¾à´°àµà´¯à´®à´¾à´£àµ.', 'à´¶àµ†à´Ÿà´¾!!! à´‡à´µà´¿à´ŸàµŠà´•àµà´•àµ† à´µà´°àµà´®àµà´ªàµ‹àµ¾ à´’à´¨àµà´¨àµ à´ªà´±à´¯à´£àµà´Ÿàµ‡ ; à´’à´¨àµà´¨àµ à´•à´¾à´¨à´¨à´®à´¯à´¿à´°àµà´¨àµà´¨àµ‚', 'Thrissur poorathinu vannolo', 'Santhoshji kerala story superğŸ‘Œ', 'à´à´¨àµà´±àµ† à´¸àµà´µà´¨àµà´¤à´‚ à´¨à´¾à´Ÿàµ â¤ï¸', 'à´‡à´¨à´¿à´¯àµà´‚ à´¶à´°à´¿à´¯à´¾à´•àµà´•à´¾à´¤àµà´¤ à´¸àµà´¥à´²à´‚ à´¬àµ‹à´Ÿàµà´Ÿàµ à´œàµ†à´Ÿàµà´Ÿà´¿ à´†à´£àµ à´µà´³à´°àµ† à´‡à´Ÿàµà´™àµà´™à´¿à´¯, à´µàµƒà´¤àµà´¤à´¿ à´¯à´¿à´²àµà´²à´¾à´¤àµ† à´•à´¿à´Ÿà´•àµà´•àµà´¨àµà´¨àµ ğŸ˜®', 'à´†à´²à´ªàµà´ªàµà´´ â¤', 'à´ªà´±à´¯àµà´®àµà´ªàµ‹àµ¾ à´à´¾à´¨àµà´‚ à´†à´²à´ªàµà´ªàµà´´ à´œà´¿à´²àµà´²à´•àµà´•à´¾à´°àµ» à´†à´£àµ.  à´à´¨àµà´¨à´¾àµ½ à´ˆ à´•à´¾à´´àµà´šà´•àµ¾ à´¨àµ‡à´°à´¿à´Ÿàµà´Ÿàµ à´•à´£àµà´Ÿà´¿à´Ÿàµà´Ÿàµà´£àµà´Ÿàµ‹ à´à´¨àµà´¨àµ à´šàµ‹à´¦à´¿à´šàµà´šà´¾àµ½, à´‡à´²àµà´². à´•à´¾à´°à´£à´‚ à´µàµ€à´Ÿàµ à´±àµ†à´¯à´¿àµ½à´µàµ‡ à´²àµˆà´¨à´¿à´¨àµ à´¸à´®àµ€à´ªà´‚ à´†à´¯à´¤àµà´•àµŠà´£àµà´Ÿàµ,  à´à´¨àµà´¤àµ†à´™àµà´•à´¿à´²àµà´‚ à´•à´¾à´°àµà´¯à´¤àµà´¤à´¿à´¨àµ à´ªàµ‹à´•à´£à´®àµ†à´™àµà´•à´¿àµ½, à´’à´¨àµà´¨àµà´•à´¿àµ½ à´•àµ‹à´Ÿàµà´Ÿà´¯à´‚ à´‡à´²àµà´²àµ†à´™àµà´•à´¿àµ½ à´•àµŠà´²àµà´²à´‚.  à´•àµà´±à´šàµà´šàµà´•àµ‚à´Ÿà´¿ à´ªàµà´°à´¤àµà´¯àµ‡à´•à´¤ à´‰à´³àµà´³ à´†à´µà´¶àµà´¯à´™àµà´™àµ¾à´•àµà´•àµ à´à´™àµà´•à´¿àµ½ à´à´±à´£à´¾à´•àµà´³à´®àµ‹, à´¤à´¿à´°àµà´µà´¨à´¨àµà´¤à´ªàµà´°à´®àµ‹.  à´œà´²à´‚ à´¨à´¿à´±à´àµà´ à´ªàµà´°à´¦àµ‡à´¶à´µàµà´‚ à´…à´²àµà´² à´à´™àµà´™à´³àµà´Ÿàµ‡à´¤àµ. à´…à´¤àµ à´•àµŠà´£àµà´Ÿàµ à´†à´²à´ªàµà´ªàµà´´à´•àµà´•à´¾à´°àµ» à´à´¨àµà´¨à´¤àµ à´µàµ†à´±àµà´‚ theortical identity.  à´‡à´¤àµà´¤à´°à´‚ à´¸àµà´¥à´²à´™àµà´™àµ¾ à´µàµ€à´¡à´¿à´¯àµ‹ à´®àµà´–à´¾à´¨àµà´¤à´¿à´°à´‚ à´à´¤à´¾à´£àµà´Ÿàµ à´à´²àµà´²à´¾ à´¦à´¿à´µà´¸à´µàµà´‚ youTube àµ½ à´•à´¾à´£à´¾à´‚.  à´…à´¤àµà´¤à´°à´‚ ameteur video à´¯àµ†à´•àµà´•à´¾àµ¾  à´•àµƒà´¤àµà´¯à´®à´¾à´¯ à´µà´¿à´µà´°à´£à´‚ à´ˆ à´¦àµƒà´¶àµà´¯à´™àµà´™à´³à´¿àµ½ à´¨à´¿à´¨àµà´¨àµà´‚ à´²à´­à´¿à´•àµà´•àµà´‚.', 'â¤â¤', 'Vazhgavalamudan sir  . Thank you so much Sir', 'ğŸ’–ğŸ’–ğŸ’–ğŸ’–', 'vere ella episodukalum kanditindengilum kerala story oreee poly...', 'Allmost clean n neet akkiya therrunna prashaname ullu', 'à´¤à´¿à´°àµà´µà´¨à´¨àµà´¤à´ªàµà´°à´¤àµà´¤àµ‡à´•àµà´•àµà´³àµà´³ à´¯à´¾à´¤àµà´°à´¯à´¿àµ½ à´†à´²à´ªàµà´ªàµà´´ à´¨à´—à´°à´¤àµà´¤à´¿à´²àµ† à´šàµ†à´±à´¿à´¯ à´±àµ‹à´¡àµà´•à´³à´¿à´²àµ† à´Ÿàµà´°à´¾à´«à´¿à´•àµ à´¬àµà´²àµ‹à´•àµà´•à´¿à´¨àµ† à´à´¾àµ» à´¶à´ªà´¿à´šàµà´šà´¿à´°àµà´¨àµà´¨àµ. à´†à´²à´ªàµà´ªàµà´´ à´¬àµˆà´ªà´¾à´¸àµ à´ªàµ‚àµ¼à´¤àµà´¤à´¿à´¯à´¾à´•àµà´•à´¾àµ» 50 à´µàµ¼à´·à´®àµ†à´Ÿàµà´¤àµà´¤àµ! à´…à´¤à´¿à´¨àµà´‚ à´’à´°àµ à´®àµ‹à´¦à´¿ à´µàµ‡à´£à´®à´¾à´¯à´¿à´°àµà´¨àµà´¨àµ!', 'à´²àµ‹à´•à´‚ à´®àµà´´àµà´µàµ» à´¸à´àµà´šà´°à´¿à´šàµà´š à´…à´™àµà´™àµ à´’à´°àµ à´ªàµà´°à´¾à´µà´¶àµà´¯à´‚ à´ªàµ‹à´²àµà´‚ à´ªà´¾à´²à´•àµà´•à´¾à´Ÿàµà´³àµà´³ à´Ÿàµ‚à´±à´¿à´¸àµà´±àµà´±àµ à´¸àµà´ªàµ‹à´Ÿàµà´Ÿàµà´•à´³à´¿àµ½ à´µà´¨àµà´¨àµ à´¤à´¾à´™àµà´•à´³àµà´Ÿàµ† à´¸àµà´µà´¤à´¸à´¿à´¦àµà´§à´®à´¾à´¯ à´°àµ€à´¤à´¿à´¯à´¿àµ½ à´…à´¤àµŠà´¨àµà´¨àµà´‚ à´µà´¿à´µà´°à´¿à´šàµà´šàµ à´•à´£àµà´Ÿà´¿à´Ÿàµà´Ÿà´¿à´²àµà´². à´’à´¨àµà´¨àµ à´µà´¨àµà´¨àµ à´•àµ‚à´Ÿàµ† ? à´ªà´¾à´²à´•àµà´•à´¾à´Ÿàµ à´•àµ‹à´Ÿàµà´Ÿ  à´‰àµ¾à´ªàµà´ªàµ†à´Ÿàµ† à´ªà´² à´šà´°à´¿à´¤àµà´° à´¨à´¿àµ¼à´®àµà´®à´¿à´¤à´¿à´•à´³àµà´‚ à´µà´¨à´™àµà´™à´³àµà´‚ à´µà´¨àµà´¯à´œàµ€à´µà´¿ à´¸à´™àµà´•àµ‡à´¤à´™àµà´™à´³àµà´®àµŠà´•àµà´•à´¯àµà´£àµà´Ÿàµ à´à´™àµà´™à´³àµà´Ÿàµ† à´¨à´¾à´Ÿàµà´Ÿà´¿àµ½ ...', 'à´à´¨àµà´±àµ† à´¨à´¾à´Ÿàµ â£ï¸â™¥ï¸', 'Subtitle kode kodukunathe nallathale..?', 'à´°à´¾à´·àµà´Ÿàµà´°àµ€à´¯ à´•àµ‹à´®à´°à´™àµà´™àµ¾ à´¨à´¶à´¿à´ªàµà´ªà´¿à´šàµà´š à´’à´°àµ à´¨à´¾à´Ÿà´¾à´£àµ à´…à´²à´ªàµà´ªàµà´´ğŸ˜¢', 'à´•àµ‡à´°à´³à´¤àµà´¤à´¿à´¨àµà´±àµ† à´…à´™àµà´™àµ‹à´³ à´®à´¿à´™àµà´™àµ‹à´³à´‚ à´‰à´³àµà´³ à´®à´¨àµ‹à´¹à´° à´•à´¾à´´àµà´šà´•à´³àµà´‚ à´Ÿàµà´Ÿàµ‚à´±à´¿à´¸àµà´±àµà´±àµ à´¡àµ†à´¸àµà´±àµà´±à´¿à´¨àµ‡à´·àµ»à´¸àµà´•à´³àµà´‚ à´¸à´«à´¾à´°à´¿à´¯à´¿à´²àµ‚à´Ÿàµ† à´•à´¾à´£à´¿à´•àµà´•àµà´¨àµà´¨à´¤à´¿à´¨àµ à´¨à´¨àµà´¦à´¿. à´•àµ‚à´Ÿà´¾à´¤àµ† à´¤à´¾à´™àµà´•à´³àµà´Ÿàµ† à´ªàµà´²à´¾à´¨à´¿à´™àµ à´¬àµ‹àµ¼à´¡à´¿à´²àµ† à´ªàµà´°à´µàµ¼à´¤àµà´¤à´™àµà´™àµ¾ à´•àµ‡à´°à´³à´¤àµà´¤à´¿àµ½ à´’à´°àµ à´ªàµà´¤à´¿à´¯ à´Ÿàµà´Ÿàµ‚à´±à´¿à´¸à´‚ à´¸à´‚à´¸àµà´•à´¾à´°à´¤àµà´¤à´¿à´¨àµ à´¤àµà´Ÿà´•àµà´•à´®à´¾à´•à´Ÿàµà´Ÿàµ† ..ğŸ¥°ğŸ‘', 'Respected sgk sir. pls make sancharam through the northern part of Tamil Nadu.', 'ğŸ‘', 'â¤â¤Good job   SGK      â¤â¤â¤â¤â¤ waiting for more episodes Kerala storyâ¤â¤â¤â¤â¤â¤', 'à´à´¨àµà´±àµ† à´†à´²à´ªàµà´ªàµà´´ â¤ï¸', 'Kerala story â¤â¤', 'Veeyapuram kude starting', 'Ente naduğŸ‰', 'à´’à´°àµ à´à´ªàµà´ªà´¿à´¸àµ‹à´Ÿàµà´‚ miss à´šàµ†à´¯àµà´¯à´¾à´¤àµà´¤à´µàµ¼ à´‰à´£àµà´Ÿàµ‹?', 'à´…à´µà´¤à´°à´£à´‚ à´…à´¤à´¿ à´—à´‚à´­àµ€à´°à´‚', 'à´•à´£àµà´Ÿà´¾à´¯à´¿à´°àµà´¨àµà´¨àµ à´ªà´•àµà´·àµ‡ à´šàµ‡à´Ÿàµà´Ÿàµ» à´¨àµ‹à´•àµà´•à´¿à´²àµà´²', 'KL04ğŸ’š', 'Alappuzha â¤', 'Love pathirappally â¤', 'KL04ğŸ˜', 'à´¬à´¾à´²àµà´¯à´•à´¾à´²à´¤àµà´¤àµ à´…à´ªàµà´ªà´¨àµà´±àµ† à´•àµ‚à´Ÿàµ† à´•àµŠà´ªàµà´° à´µà´¿àµ½à´•àµà´•à´¾àµ» à´ªàµ‹à´¯à´¿à´Ÿàµà´Ÿàµà´£àµà´Ÿàµ. à´…à´¨àµà´¨àµ à´µà´²à´¿à´¯ à´¬à´¿à´¸à´¿à´¨à´¸àµ\u200c à´¨à´Ÿà´•àµà´•àµà´¨àµà´¨ à´ªà´Ÿàµà´Ÿà´£à´®à´¾à´°àµà´¨àµà´¨àµ. à´’à´°àµà´ªà´¾à´Ÿàµ à´à´£àµà´£ à´«à´¾à´•àµà´Ÿà´±à´¿ à´•àµ¾, à´•àµà´±à´šàµà´šàµ à´¸àµà´¥à´²à´‚ à´µà´°àµ† à´µà´¾à´¹à´¨à´‚ à´ªàµ‹à´•àµ, à´¬à´¾à´•àµà´•à´¿ à´µà´³àµà´³à´¤àµà´¤à´¿àµ½ à´•à´¯à´±àµà´±à´¿ à´•àµŠà´£àµà´Ÿàµà´ªàµ‹à´•àµà´¨àµà´¨à´¤àµ(à´‡à´¨àµà´¨à´¤àµà´¤àµ† à´¹àµŒà´¸àµ à´¬àµ‹à´Ÿàµà´Ÿàµ ). à´µà´³à´°àµ† à´®à´¨àµ‹à´¹à´°à´®à´¾à´¯ à´¸àµà´¥à´²à´‚, à´µàµ¼à´·à´™àµà´™àµ¾à´•àµà´•àµ à´¶àµ‡à´·à´‚ à´…à´Ÿàµà´¤àµà´¤ à´•à´¾à´²à´¤àµà´¤àµ à´…à´µà´¿à´Ÿàµ† à´ªàµ‹à´¯à´¿, à´«à´¾à´•àµà´Ÿà´±à´¿ à´•àµ†à´Ÿàµà´Ÿà´¿à´Ÿà´™àµà´™àµ¾ à´ªàµ‹à´²àµà´‚ à´…à´µà´¿à´Ÿà´¿à´²àµà´², à´ªà´´à´¯ à´®à´¨àµ‹à´¹à´°à´¿à´¤à´¯àµà´‚ à´‡à´²àµà´².à´¨àµ‡à´°à´¾à´µà´£àµà´£à´‚ à´ªà´°à´¿à´ªà´¾à´²à´¿à´šàµà´šà´¾àµ½ à´²àµ‹à´•à´¤àµà´¤àµ† à´à´±àµà´±à´µàµà´‚ à´®à´¨àµ‹à´¹à´°à´®à´¾à´¯ à´¨à´—à´°à´‚ à´†à´²à´ªàµà´ªàµà´´ â¤ï¸', 'â¤â¤â¤', 'à´†à´²à´ªàµà´ªàµà´´à´¯à´¿à´²àµ† à´¹àµŒà´¸àµ à´¬àµ‹à´Ÿàµà´Ÿàµà´•à´³à´¿à´²àµà´‚ à´±à´¿à´¸àµ‹àµ¼à´Ÿàµà´Ÿàµà´•à´³à´¿à´²àµà´‚ à´°à´¾à´¤àµà´°à´¿ à´¤à´¾à´®à´¸à´¿à´•àµà´•àµà´¨àµà´¨à´µàµ¼à´•àµà´•àµ  à´¸àµà´°à´•àµà´·à´¿à´¤à´®à´¾à´¯ à´¨àµˆà´±àµà´±àµ\u200c à´²àµˆà´«à´¿à´¨àµà´³àµà´³ à´¸àµ—à´•à´°àµà´¯à´™àµà´™àµ¾ à´’à´°àµà´•àµà´•àµ‡à´£àµà´Ÿà´¤àµà´£àµà´Ÿàµ. à´±àµ†à´¸àµà´±àµà´±à´±àµ†à´¨àµà´±àµ à´•à´³àµà´‚, à´¬à´¿à´¯àµ¼ à´ªà´¾àµ¼à´²à´±àµà´•à´³àµà´‚, walk way  à´•à´³àµà´‚ à´µà´¿à´¨àµ‹à´¦ à´•àµ‡à´¨àµà´¦àµà´°à´™àµà´™à´³àµà´‚ à´ªàµà´¨àµà´¨à´®à´Ÿà´¯àµà´Ÿàµ† à´•à´°à´•à´³à´¿àµ½ à´¬àµ‹à´Ÿàµà´Ÿàµ à´•à´³àµà´Ÿàµ† à´ªà´¾àµ¼à´•àµà´•à´¿à´™àµà´™à´¿à´¨àµ‹à´Ÿàµ à´šàµ‡àµ¼à´¨àµà´¨àµ  à´‰à´£àµà´Ÿà´¾à´µà´£à´‚. à´•àµ‚à´Ÿà´¾à´¤àµ† water sports à´†à´•àµà´Ÿà´¿à´µà´¿à´±àµà´±à´¿à´•à´³àµà´‚, sea plane à´ªàµ‹à´²àµ† à´¯àµà´³àµà´³ à´¸àµ—à´•à´°àµà´¯à´™àµà´™à´³àµà´‚. à´’à´°àµ floating à´®à´¾àµ¼à´•àµà´•à´±àµà´±à´¿à´¨àµà´³àµà´³ à´¸à´¾à´§àµà´¯à´¤à´¯àµà´‚ à´ªà´°à´¿à´—à´£à´¿à´•àµà´•à´¾à´µàµà´¨àµà´¨à´¤à´¾à´£àµ.']"
